id,gold,exp,inspiration,achievement,integral,energy,diamond,items,forever_limit,min_drop,attr,item,item_pro,num,cost,des,end
*uint,uint[],uint[],uint[],uint[],uint[],uint[],uint[],ECsvWItems[],jsondata,jsondata,"Dictionary<!CsvKey, int>",uint,uint,int,"Dictionary<uint, uint>",string,
#序号,金币,经验,灵蕴,战功,星魂,体力,钻石,物品组合,永久限制的物品,保底物品权重提升,永久属性奖励,监听物品,监听比重上涨,获得个数,消耗物品,描述,
1,,,,,,,"[10,10]",,,,,,,,,,
2,,,,,,,"[20,20]",,,,,,,,,,
3,,,,,,,"[30,30]",,,,"{""hpmax"":100,""mpmax"":50}",,,,,,
4,,,,,,,"[20,20]",,,,,,,,,,
5,,,,,,,"[50,50]",,,,,,,,,,
6,,,,,,,"[100,100]",,,,"{""hpmax"":150,""mpmax"":50}",,,,,,
7,,,,,,,"[30,30]",,,,,,,,,,
8,,,,,,,"[75,75]",,,,,,,,,,
9,,,,,,,"[150,150]",,,,"{""hpmax"":200,""mpmax"":50}",,,,,,
10,,,,,,,"[40,40]",,,,,,,,,,
11,,,,,,,"[100,100]",,,,,,,,,,
12,,,,,,,"[200,200]",,,,"{""hpmax"":250,""mpmax"":50}",,,,,,
13,,,,,,,"[50,50]",,,,,,,,,,
14,,,,,,,"[125,125]",,,,,,,,,,
15,,,,,,,"[250,250]",,,,"{""hpmax"":300,""mpmax"":50}",,,,,,
16,,,,,,,"[60,60]",,,,,,,,,,
17,,,,,,,"[150,150]",,,,,,,,,,
18,,,,,,,"[300,300]",,,,"{""hpmax"":350,""mpmax"":50}",,,,,,
19,,,,,,,"[70,70]",,,,,,,,,,
20,,,,,,,"[175,175]",,,,,,,,,,
21,,,,,,,"[350,350]",,,,"{""hpmax"":400,""mpmax"":50}",,,,,,
22,,,,,,,"[80,80]",,,,,,,,,,
23,,,,,,,"[200,200]",,,,,,,,,,
24,,,,,,,"[400,400]",,,,"{""hpmax"":450,""mpmax"":50}",,,,,,
25,,,,,,,"[90,90]",,,,,,,,,,
26,,,,,,,"[225,225]",,,,,,,,,,
27,,,,,,,"[450,450]",,,,"{""hpmax"":500,""mpmax"":50}",,,,,,
28,,,,,,,"[100,100]",,,,,,,,,,
29,,,,,,,"[250,250]",,,,,,,,,,
30,,,,,,,"[500,500]",,,,"{""hpmax"":550,""mpmax"":50}",,,,,,
10010,"[80,80]","[40,40]",,,,,,,,,,,,,,,
10020,"[100,100]","[60,60]",,,,,,,,,,,,,,,
10030,"[120,120]","[80,80]",,,,,,,,,,,,,,,
10040,"[140,140]","[100,100]",,,,,,,,,,,,,,,
10050,"[160,160]","[120,120]",,,,,,,,,,,,,,,
10060,"[174,174]","[140,140]",,,,,,,,,,,,,,,
10070,"[188,188]","[170,170]",,,,,,,,,,,,,,,
10080,"[200,200]","[200,200]",,,,,,,,,,,,,,,
20010,"[220,220]","[230,230]",,,,,,,,,,,,,,,
20011,"[264,264]","[320,320]",,,,,,,,,,,,,,,
20012,"[540,540]","[1000,1000]",,,,,,,,,,,,,,,
20020,"[240,240]","[260,260]",,,,,,,,,,,,,,,
20021,"[288,288]","[350,350]",,,,,,,,,,,,,,,
20022,"[550,550]","[1050,1050]",,,,,,,,,,,,,,,
20030,"[260,260]","[290,290]",,,,,,,,,,,,,,,
20031,"[312,312]","[380,380]",,,,,,,,,,,,,,,
20032,"[560,560]","[1100,1100]",,,,,,,,,,,,,,,
20040,"[280,280]","[410,410]",,,,,,,,,,,,,,,
20041,"[336,336]","[470,470]",,,,,,,,,,,,,,,
20042,"[570,570]","[1150,1150]",,,,,,,,,,,,,,,
20050,"[300,300]","[440,440]",,,,,,,,,,,,,,,
20051,"[360,360]","[500,500]",,,,,,,,,,,,,,,
20052,"[580,580]","[1200,1200]",,,,,,,,,,,,,,,
20060,"[320,320]","[530,530]",,,,,,,,,,,,,,,
20061,"[384,384]","[560,560]",,,,,,,,,,,,,,,
20062,"[590,590]","[1250,1250]",,,,,,,,,,,,,,,
20070,"[340,340]","[590,590]",,,,,,,,,,,,,,,
20071,"[408,408]","[740,740]",,,,,,,,,,,,,,,
20072,"[600,600]","[1300,1300]",,,,,,,,,,,,,,,
20080,"[360,360]","[620,620]",,,,,,,,,,,,,,,
20081,"[432,432]","[770,770]",,,,,,,,,,,,,,,
20082,"[610,610]","[1350,1350]",,,,,,,,,,,,,,,
20090,"[380,380]","[650,650]",,,,,,,,,,,,,,,
20091,"[456,456]","[800,800]",,,,,,,,,,,,,,,
20092,"[620,620]","[1400,1400]",,,,,,,,,,,,,,,
20100,"[400,400]","[680,680]",,,,,,,,,,,,,,,
20101,"[480,480]","[830,830]",,,,,,,,,,,,,,,
20102,"[630,630]","[1450,1450]",,,,,,,,,,,,,,,
20110,"[420,420]","[710,710]",,,,,,,,,,,,,,,
20111,"[504,504]","[860,860]",,,,,,,,,,,,,,,
20112,"[640,640]","[1500,1500]",,,,,,,,,,,,,,,
20120,"[440,440]","[900,900]",,,,,,,,,,,,,,,
20121,"[528,528]","[950,950]",,,,,,,,,,,,,,,
20122,"[650,650]","[1550,1550]",,,,,,,,,,,,,,,
10900,"[460,460]","[980,980]",,,,,,,,,,,,,,,
10901,"[490,490]","[1070,1070]",,,,,,,,,,,,,,,
10902,"[720,720]","[1800,1800]",,,,,,,,,,,,,,,
10100,"[470,470]","[1010,1010]",,,,,,,,,,,,,,,
10101,"[500,500]","[1100,1100]",,,,,,,,,,,,,,,
10102,"[730,730]","[1850,1850]",,,,,,,,,,,,,,,
10110,"[480,480]","[1040,1040]",,,,,,,,,,,,,,,
10111,"[510,510]","[1130,1130]",,,,,,,,,,,,,,,
10112,"[740,740]","[1900,1900]",,,,,,,,,,,,,,,
10120,"[520,520]","[1160,1160]",,,,,,,,,,,,,,,
10121,"[550,550]","[1250,1250]",,,,,,,,,,,,,,,
10122,"[750,750]","[1950,1950]",,,,,,,,,,,,,,,
10130,"[530,530]","[1190,1190]",,,,,,,,,,,,,,,
10131,"[560,560]","[1280,1280]",,,,,,,,,,,,,,,
10132,"[760,760]","[2000,2000]",,,,,,,,,,,,,,,
10140,"[540,540]","[1220,1220]",,,,,,,,,,,,,,,
10141,"[570,570]","[1310,1310]",,,,,,,,,,,,,,,
10142,"[770,770]","[2050,2050]",,,,,,,,,,,,,,,
10150,"[580,580]","[1340,1340]",,,,,,,,,,,,,,,
10151,"[610,610]","[1430,1430]",,,,,,,,,,,,,,,
10152,"[780,780]","[2100,2100]",,,,,,,,,,,,,,,
10160,"[590,590]","[1370,1370]",,,,,,,,,,,,,,,
10161,"[620,620]","[1460,1460]",,,,,,,,,,,,,,,
10162,"[790,790]","[2150,2150]",,,,,,,,,,,,,,,
10170,"[600,600]","[1400,1400]",,,,,,,,,,,,,,,
10171,"[630,630]","[1490,1490]",,,,,,,,,,,,,,,
10172,"[800,800]","[2200,2200]",,,,,,,,,,,,,,,
10180,"[640,640]","[1520,1520]",,,,,,,,,,,,,,,
10181,"[670,670]","[1610,1610]",,,,,,,,,,,,,,,
10182,"[810,810]","[2250,2250]",,,,,,,,,,,,,,,
10190,"[650,650]","[1550,1550]",,,,,,,,,,,,,,,
10191,"[680,680]","[1640,1640]",,,,,,,,,,,,,,,
10192,"[820,820]","[2300,2300]",,,,,,,,,,,,,,,
10200,"[660,660]","[1580,1580]",,,,,,,,,,,,,,,
10201,"[690,690]","[1670,1670]",,,,,,,,,,,,,,,
10202,"[830,830]","[2350,2350]",,,,,,,,,,,,,,,
10210,"[700,700]","[1700,1700]",,,,,,,,,,,,,,,
10211,"[710,710]","[1750,1750]",,,,,,,,,,,,,,,
10212,"[840,840]","[2400,2400]",,,,,,,,,,,,,,,
20130,"[720,720]","[1730,1730]",,,,,,,,,,,,,,,
20131,"[744,744]","[1820,1820]",,,,,,,,,,,,,,,
20132,"[930,930]","[2550,2550]",,,,,,,,,,,,,,,
20140,"[728,728]","[1760,1760]",,,,,,,,,,,,,,,
20141,"[752,752]","[1850,1850]",,,,,,,,,,,,,,,
20142,"[940,940]","[2600,2600]",,,,,,,,,,,,,,,
20150,"[736,736]","[1790,1790]",,,,,,,,,,,,,,,
20151,"[760,760]","[1880,1880]",,,,,,,,,,,,,,,
20152,"[950,950]","[2650,2650]",,,,,,,,,,,,,,,
20160,"[768,768]","[1910,1910]",,,,,,,,,,,,,,,
20161,"[800,800]","[2030,2030]",,,,,,,,,,,,,,,
20162,"[960,960]","[2700,2700]",,,,,,,,,,,,,,,
20170,"[776,776]","[1940,1940]",,,,,,,,,,,,,,,
20171,"[808,808]","[2060,2060]",,,,,,,,,,,,,,,
20172,"[970,970]","[2750,2750]",,,,,,,,,,,,,,,
20180,"[784,784]","[1970,1970]",,,,,,,,,,,,,,,
20181,"[816,816]","[2090,2090]",,,,,,,,,,,,,,,
20182,"[980,980]","[2800,2800]",,,,,,,,,,,,,,,
20190,"[792,792]","[2000,2000]",,,,,,,,,,,,,,,
20191,"[824,824]","[2120,2120]",,,,,,,,,,,,,,,
20192,"[990,990]","[2850,2850]",,,,,,,,,,,,,,,
20200,"[832,832]","[2150,2150]",,,,,,,,,,,,,,,
20201,"[848,848]","[2210,2210]",,,,,,,,,,,,,,,
20202,"[1000,1000]","[2900,2900]",,,,,,,,,,,,,,,
20210,"[840,840]","[2180,2180]",,,,,,,,,,,,,,,
20211,"[856,856]","[2240,2240]",,,,,,,,,,,,,,,
20212,"[1010,1010]","[2950,2950]",,,,,,,,,,,,,,,
20220,"[864,864]","[2270,2270]",,,,,,,,,,,,,,,
20221,"[888,888]","[2360,2360]",,,,,,,,,,,,,,,
20222,"[1020,1020]","[3000,3000]",,,,,,,,,,,,,,,
20230,"[872,872]","[2300,2300]",,,,,,,,,,,,,,,
20231,"[896,896]","[2390,2390]",,,,,,,,,,,,,,,
20232,"[1030,1030]","[3050,3050]",,,,,,,,,,,,,,,
20240,"[880,880]","[2330,2330]",,,,,,,,,,,,,,,
20241,"[904,904]","[2420,2420]",,,,,,,,,,,,,,,
20242,"[1040,1040]","[3100,3100]",,,,,,,,,,,,,,,
20250,"[912,912]","[2450,2450]",,,,,,,,,,,,,,,
20251,"[920,920]","[2500,2500]",,,,,,,,,,,,,,,
20252,"[1050,1050]","[3150,3150]",,,,,,,,,,,,,,,
30010,"[920,920]","[2480,2480]",,,,,,,,,,,,,,,
30011,"[944,944]","[2570,2570]",,,,,,,,,,,,,,,
30012,"[1100,1100]","[3160,3160]",,,,,,,,,,,,,,,
30020,"[928,928]","[2510,2510]",,,,,,,,,,,,,,,
30021,"[952,952]","[2600,2600]",,,,,,,,,,,,,,,
30022,"[1110,1110]","[3200,3200]",,,,,,,,,,,,,,,
30030,"[936,936]","[2540,2540]",,,,,,,,,,,,,,,
30031,"[960,960]","[2630,2630]",,,,,,,,,,,,,,,
30032,"[1120,1120]","[3250,3250]",,,,,,,,,,,,,,,
30040,"[968,968]","[2660,2660]",,,,,,,,,,,,,,,
30041,"[992,992]","[2750,2750]",,,,,,,,,,,,,,,
30042,"[1130,1130]","[3300,3300]",,,,,,,,,,,,,,,
30050,"[976,976]","[2690,2690]",,,,,,,,,,,,,,,
30051,"[1000,1000]","[2780,2780]",,,,,,,,,,,,,,,
30052,"[1140,1140]","[3350,3350]",,,,,,,,,,,,,,,
30060,"[984,984]","[2720,2720]",,,,,,,,,,,,,,,
30061,"[1008,1008]","[2810,2810]",,,,,,,,,,,,,,,
30062,"[1150,1150]","[3400,3400]",,,,,,,,,,,,,,,
30070,"[1016,1016]","[2840,2840]",,,,,,,,,,,,,,,
30071,"[1040,1040]","[2930,2930]",,,,,,,,,,,,,,,
30072,"[1160,1160]","[3450,3450]",,,,,,,,,,,,,,,
30080,"[1024,1024]","[2870,2870]",,,,,,,,,,,,,,,
30081,"[1048,1048]","[2960,2960]",,,,,,,,,,,,,,,
30082,"[1170,1170]","[3500,3500]",,,,,,,,,,,,,,,
30090,"[1032,1032]","[2900,2900]",,,,,,,,,,,,,,,
30091,"[1056,1056]","[2990,2990]",,,,,,,,,,,,,,,
30092,"[1180,1180]","[3550,3550]",,,,,,,,,,,,,,,
30100,"[1064,1064]","[3020,3020]",,,,,,,,,,,,,,,
30101,"[1072,1072]","[3050,3050]",,,,,,,,,,,,,,,
30102,"[1190,1190]","[3600,3600]",,,,,,,,,,,,,,,
30110,"[1080,1080]","[3080,3080]",,,,,,,,,,,,,,,
30111,"[1090,1090]","[3120,3120]",,,,,,,,,,,,,,,
30112,"[1200,1200]","[3650,3650]",,,,,,,,,,,,,,,
30120,"[1088,1088]","[3110,3110]",,,,,,,,,,,,,,,
30121,"[1112,1112]","[3200,3200]",,,,,,,,,,,,,,,
30122,"[1290,1290]","[3850,3850]",,,,,,,,,,,,,,,
30130,"[1096,1096]","[3140,3140]",,,,,,,,,,,,,,,
30131,"[1120,1120]","[3230,3230]",,,,,,,,,,,,,,,
30132,"[1300,1300]","[3900,3900]",,,,,,,,,,,,,,,
30140,"[1104,1104]","[3170,3170]",,,,,,,,,,,,,,,
30141,"[1128,1128]","[3260,3260]",,,,,,,,,,,,,,,
30142,"[1310,1310]","[3950,3950]",,,,,,,,,,,,,,,
30150,"[1136,1136]","[3290,3290]",,,,,,,,,,,,,,,
30151,"[1160,1160]","[3380,3380]",,,,,,,,,,,,,,,
30152,"[1320,1320]","[4000,4000]",,,,,,,,,,,,,,,
30160,"[1144,1144]","[3320,3320]",,,,,,,,,,,,,,,
30161,"[1168,1168]","[3410,3410]",,,,,,,,,,,,,,,
30162,"[1330,1330]","[4050,4050]",,,,,,,,,,,,,,,
30170,"[1152,1152]","[3350,3350]",,,,,,,,,,,,,,,
30171,"[1176,1176]","[3440,3440]",,,,,,,,,,,,,,,
30172,"[1340,1340]","[4100,4100]",,,,,,,,,,,,,,,
30180,"[1184,1184]","[3470,3470]",,,,,,,,,,,,,,,
30181,"[1208,1208]","[3560,3560]",,,,,,,,,,,,,,,
30182,"[1350,1350]","[4150,4150]",,,,,,,,,,,,,,,
30190,"[1192,1192]","[3500,3500]",,,,,,,,,,,,,,,
30191,"[1216,1216]","[3590,3590]",,,,,,,,,,,,,,,
30192,"[1360,1360]","[4200,4200]",,,,,,,,,,,,,,,
30200,"[1200,1200]","[3530,3530]",,,,,,,,,,,,,,,
30201,"[1224,1224]","[3620,3620]",,,,,,,,,,,,,,,
30202,"[1370,1370]","[4250,4250]",,,,,,,,,,,,,,,
30210,"[1232,1232]","[3650,3650]",,,,,,,,,,,,,,,
30211,"[1250,1250]","[3710,3710]",,,,,,,,,,,,,,,
30212,"[1380,1380]","[4300,4300]",,,,,,,,,,,,,,,
30220,"[1240,1240]","[3680,3680]",,,,,,,,,,,,,,,
30221,"[1260,1260]","[3740,3740]",,,,,,,,,,,,,,,
30222,"[1390,1390]","[4350,4350]",,,,,,,,,,,,,,,
30230,"[1270,1270]","[3770,3770]",,,,,,,,,,,,,,,
30231,"[1280,1280]","[3800,3800]",,,,,,,,,,,,,,,
30232,"[1400,1400]","[4400,4400]",,,,,,,,,,,,,,,
40010,"[1300,1300]","[3800,3800]",,,,,,,,,,,,,,,
40011,"[1390,1390]","[3950,3950]",,,,,,,,,,,,,,,
40012,"[2100,2100]","[5200,5200]",,,,,,,,,,,,,,,
40020,"[1330,1330]","[3850,3850]",,,,,,,,,,,,,,,
40021,"[1420,1420]","[4000,4000]",,,,,,,,,,,,,,,
40022,"[2150,2150]","[5300,5300]",,,,,,,,,,,,,,,
40030,"[1360,1360]","[3900,3900]",,,,,,,,,,,,,,,
40031,"[1450,1450]","[4050,4050]",,,,,,,,,,,,,,,
40032,"[2200,2200]","[5400,5400]",,,,,,,,,,,,,,,
40040,"[1480,1480]","[4100,4100]",,,,,,,,,,,,,,,
40041,"[1570,1570]","[4250,4250]",,,,,,,,,,,,,,,
40042,"[2250,2250]","[5500,5500]",,,,,,,,,,,,,,,
40050,"[1510,1510]","[4150,4150]",,,,,,,,,,,,,,,
40051,"[1600,1600]","[4300,4300]",,,,,,,,,,,,,,,
40052,"[2300,2300]","[5600,5600]",,,,,,,,,,,,,,,
40060,"[1540,1540]","[4200,4200]",,,,,,,,,,,,,,,
40061,"[1630,1630]","[4350,4350]",,,,,,,,,,,,,,,
40062,"[2350,2350]","[5700,5700]",,,,,,,,,,,,,,,
40070,"[1660,1660]","[4400,4400]",,,,,,,,,,,,,,,
40071,"[1750,1750]","[4580,4580]",,,,,,,,,,,,,,,
40072,"[2400,2400]","[5800,5800]",,,,,,,,,,,,,,,
40080,"[1690,1690]","[4460,4460]",,,,,,,,,,,,,,,
40081,"[1780,1780]","[4640,4640]",,,,,,,,,,,,,,,
40082,"[2450,2450]","[5900,5900]",,,,,,,,,,,,,,,
40090,"[1720,1720]","[4520,4520]",,,,,,,,,,,,,,,
40091,"[1810,1810]","[4700,4700]",,,,,,,,,,,,,,,
40092,"[2500,2500]","[6000,6000]",,,,,,,,,,,,,,,
40100,"[1840,1840]","[4760,4760]",,,,,,,,,,,,,,,
40101,"[1920,1920]","[4880,4880]",,,,,,,,,,,,,,,
40102,"[2550,2550]","[6100,6100]",,,,,,,,,,,,,,,
40110,"[1880,1880]","[4820,4820]",,,,,,,,,,,,,,,
40111,"[1960,1960]","[4940,4940]",,,,,,,,,,,,,,,
40112,"[2600,2600]","[6200,6200]",,,,,,,,,,,,,,,
40120,"[2000,2000]","[5000,5000]",,,,,,,,,,,,,,,
40121,"[2050,2050]","[5100,5100]",,,,,,,,,,,,,,,
40122,"[2650,2650]","[6300,6300]",,,,,,,,,,,,,,,
31010,"[920,920]","[3050,3050]",,,,,,,,,,,,,,,
31011,"[1104,1104]","[3660,3660]",,,,,,,,,,,,,,,
31012,"[1380,1380]","[4575,4575]",,,,,,,,,,,,,,,
31020,"[960,960]","[3200,3200]",,,,,,,,,,,,,,,
31021,"[1152,1152]","[3840,3840]",,,,,,,,,,,,,,,
31022,"[1440,1440]","[4800,4800]",,,,,,,,,,,,,,,
31030,"[1000,1000]","[3350,3350]",,,,,,,,,,,,,,,
31031,"[1200,1200]","[4020,4020]",,,,,,,,,,,,,,,
31032,"[1500,1500]","[5025,5025]",,,,,,,,,,,,,,,
31040,"[1040,1040]","[3500,3500]",,,,,,,,,,,,,,,
31041,"[1248,1248]","[4200,4200]",,,,,,,,,,,,,,,
31042,"[1560,1560]","[5250,5250]",,,,,,,,,,,,,,,
31050,"[1080,1080]","[3650,3650]",,,,,,,,,,,,,,,
31051,"[1296,1296]","[4380,4380]",,,,,,,,,,,,,,,
31052,"[1620,1620]","[5475,5475]",,,,,,,,,,,,,,,
31060,"[1120,1120]","[3800,3800]",,,,,,,,,,,,,,,
31061,"[1344,1344]","[4560,4560]",,,,,,,,,,,,,,,
31062,"[1680,1680]","[5700,5700]",,,,,,,,,,,,,,,
31070,"[1160,1160]","[3950,3950]",,,,,,,,,,,,,,,
31071,"[1392,1392]","[4740,4740]",,,,,,,,,,,,,,,
31072,"[1740,1740]","[5925,5925]",,,,,,,,,,,,,,,
31080,"[1200,1200]","[4100,4100]",,,,,,,,,,,,,,,
31081,"[1440,1440]","[4920,4920]",,,,,,,,,,,,,,,
31082,"[1800,1800]","[6150,6150]",,,,,,,,,,,,,,,
31090,"[1240,1240]","[4250,4250]",,,,,,,,,,,,,,,
31091,"[1488,1488]","[5100,5100]",,,,,,,,,,,,,,,
31092,"[1860,1860]","[6375,6375]",,,,,,,,,,,,,,,
31100,"[1280,1280]","[4400,4400]",,,,,,,,,,,,,,,
31101,"[1536,1536]","[5280,5280]",,,,,,,,,,,,,,,
31102,"[1920,1920]","[6600,6600]",,,,,,,,,,,,,,,
31110,"[1320,1320]","[4550,4550]",,,,,,,,,,,,,,,
31111,"[1584,1584]","[5460,5460]",,,,,,,,,,,,,,,
31112,"[1980,1980]","[6825,6825]",,,,,,,,,,,,,,,
31120,"[1360,1360]","[4700,4700]",,,,,,,,,,,,,,,
31121,"[1632,1632]","[5640,5640]",,,,,,,,,,,,,,,
31122,"[2040,2040]","[7050,7050]",,,,,,,,,,,,,,,
31130,"[1400,1400]","[4850,4850]",,,,,,,,,,,,,,,
31131,"[1680,1680]","[5820,5820]",,,,,,,,,,,,,,,
31132,"[2100,2100]","[7275,7275]",,,,,,,,,,,,,,,
31140,"[1440,1440]","[5000,5000]",,,,,,,,,,,,,,,
31141,"[1728,1728]","[6000,6000]",,,,,,,,,,,,,,,
31142,"[2160,2160]","[7500,7500]",,,,,,,,,,,,,,,
31150,"[1480,1480]","[5150,5150]",,,,,,,,,,,,,,,
31151,"[1776,1776]","[6180,6180]",,,,,,,,,,,,,,,
31152,"[2220,2220]","[7725,7725]",,,,,,,,,,,,,,,
31160,"[1520,1520]","[5300,5300]",,,,,,,,,,,,,,,
31161,"[1824,1824]","[6360,6360]",,,,,,,,,,,,,,,
31162,"[2280,2280]","[7950,7950]",,,,,,,,,,,,,,,
31170,"[1560,1560]","[5450,5450]",,,,,,,,,,,,,,,
31171,"[1872,1872]","[6540,6540]",,,,,,,,,,,,,,,
31172,"[2340,2340]","[8175,8175]",,,,,,,,,,,,,,,
31180,"[1600,1600]","[5600,5600]",,,,,,,,,,,,,,,
31181,"[1920,1920]","[6720,6720]",,,,,,,,,,,,,,,
31182,"[2400,2400]","[8400,8400]",,,,,,,,,,,,,,,
31190,"[1640,1640]","[5750,5750]",,,,,,,,,,,,,,,
31191,"[1968,1968]","[6900,6900]",,,,,,,,,,,,,,,
31192,"[2460,2460]","[8625,8625]",,,,,,,,,,,,,,,
31200,"[1680,1680]","[5900,5900]",,,,,,,,,,,,,,,
31201,"[2016,2016]","[7080,7080]",,,,,,,,,,,,,,,
31202,"[2520,2520]","[8850,8850]",,,,,,,,,,,,,,,
31210,"[1720,1720]","[6050,6050]",,,,,,,,,,,,,,,
31211,"[2064,2064]","[7260,7260]",,,,,,,,,,,,,,,
31212,"[2580,2580]","[9075,9075]",,,,,,,,,,,,,,,
31220,"[1760,1760]","[6200,6200]",,,,,,,,,,,,,,,
31221,"[2112,2112]","[7440,7440]",,,,,,,,,,,,,,,
31222,"[2640,2640]","[9300,9300]",,,,,,,,,,,,,,,
31230,"[1800,1800]","[6350,6350]",,,,,,,,,,,,,,,
31231,"[2160,2160]","[7620,7620]",,,,,,,,,,,,,,,
31232,"[2700,2700]","[9525,9525]",,,,,,,,,,,,,,,
1300101000,"[1000000,5000000]",,,"[100000,500000]","[100000,500000]",,,"[{""id"":1101100004,""w"":1,""num"":1},{""id"":1102100004,""w"":1,""num"":1},{""id"":1103100004,""w"":1,""num"":1},{""id"":1104100004,""w"":1,""num"":1},{""id"":1105100004,""w"":1,""num"":1},{""id"":1106100004,""w"":1,""num"":1}]",,,,,,6,,,
1300101001,,,"[50,50]",,,,,,,,,,,,,聚灵果,
1300401001,,,,,,"[50,50]",,,,,,,,,,体力果,
1300201000,"[1000000,5000000]",,,"[100000,500000]","[100000,500000]",,,"[{""id"":1101200004,""w"":1,""num"":1},{""id"":1102200004,""w"":1,""num"":1},{""id"":1103200004,""w"":1,""num"":1},{""id"":1104200004,""w"":1,""num"":1},{""id"":1105200004,""w"":1,""num"":1},{""id"":1106200004,""w"":1,""num"":1}]",,,,,,6,,,
1303001001,,,,,,,,"[{""id"":1316101001,""w"":100,""num"":1},{""id"":1326101001,""w"":100,""num"":1},{""id"":1315101001,""w"":100,""num"":1},{""id"":1400100001,""w"":100,""num"":1},{""id"":1903100001,""w"":100,""num"":1},{""id"":1403100001,""w"":100,""num"":1},{""id"":1311211003,""w"":100,""num"":1},{""id"":1903200001,""w"":100,""num"":10},{""id"":1300300002,""w"":100,""num"":1}]",,,,,,1,"{""1300300001"":1}",青铜潘多拉魔盒,
1303001002,,,,,,,,"[{""id"":1316101002,""w"":100,""num"":1},{""id"":1326101002,""w"":100,""num"":1},{""id"":1325101001,""w"":100,""num"":1},{""id"":1400100001,""w"":100,""num"":2},{""id"":1400100002,""w"":100,""num"":1},{""id"":1903100001,""w"":100,""num"":2},{""id"":1400200001,""w"":100,""num"":1},{""id"":1400300001,""w"":100,""num"":1},{""id"":1403200001,""w"":100,""num"":1},{""id"":1300300003,""w"":100,""num"":1}]",,,,,,1,"{""1300300002"":1}",白银潘多拉魔盒,
1303001003,,,,,,,,"[{""id"":1316101003,""w"":100,""num"":1},{""id"":1326101003,""w"":100,""num"":1},{""id"":1335101001,""w"":100,""num"":1},{""id"":1400100002,""w"":100,""num"":1},{""id"":1400100002,""w"":100,""num"":2},{""id"":1400500001,""w"":100,""num"":1},{""id"":1403300002,""w"":100,""num"":1},{""id"":1403300003,""w"":100,""num"":1},{""id"":1401101001,""w"":100,""num"":1},{""id"":1401201001,""w"":100,""num"":1}]",,,,,,1,"{""1300300003"":1}",黄金潘多拉魔盒,
1300401000,"[1000000,5000000]",,,"[100000,500000]","[100000,500000]",,,"[{""id"":1101400004,""w"":1,""num"":1},{""id"":1102400004,""w"":1,""num"":1},{""id"":1103400004,""w"":1,""num"":1},{""id"":1104400004,""w"":1,""num"":1},{""id"":1105400004,""w"":1,""num"":1},{""id"":1106400004,""w"":1,""num"":1}]",,,,,,6,,,
1300501001,,"[5,50]",,,,,,"[{""id"":1400100001,""w"":1,""num"":1}]",,,,,,1,,,
1300501002,,"[100,200]",,,,,,"[{""id"":1400100001,""w"":1,""num"":1}]",,,,,,1,,,
1300501003,,"[500,1000]",,,,,,"[{""id"":1400100002,""w"":1,""num"":1}]",,,,,,1,,,
1300501004,,"[1000,2000]",,,,,,"[{""id"":1400100002,""w"":1,""num"":1}]",,,,,,1,,,
1300501005,,"[5000,10000]",,,,,,"[{""id"":1400100002,""w"":1,""num"":1},{""id"":1400100003,""w"":1,""num"":1}]",,,,,,1,,,
1300701001,,,,,,,,"[{""id"":1101100001,""w"":1,""num"":1},{""id"":1101200001,""w"":1,""num"":1},{""id"":1101400001,""w"":1,""num"":1}]",,,,,,1,,组队加成宝盒,
1300911001,,,,,,,"[50,50]",,,,,,,,,50钻石,
1300911002,,,,,,,"[100,100]",,,,,,,,,100钻石,
1300911003,,,,,,,"[200,200]",,,,,,,,,200钻石,
1300911004,,,,,,,"[400,400]",,,,,,,,,400钻石,
1300911005,,,,,,,"[650,650]",,,,,,,,,650钻石,
1300911006,,,,,,,"[1000,1000]",,,,,,,,,1000钻石,
1301011001,"[50000,50000]",,,,,,,,,,,,,,,5W金币,
1301011002,"[10000,10000]",,,,,,,,,,,,,,,1W金币,
1301011003,"[10000,10000]",,,,,,,,,,,,,,,1W金币,
1301011004,"[30000,30000]",,,,,,,,,,,,,,,3W金币,
1301011005,"[60000,60000]",,,,,,,,,,,,,,,6W金币,
1301011006,"[100000,100000]",,,,,,,,,,,,,,,10W金币,
1301011007,"[10000,10000]",,,,,,,,,,,,,,,1W金币,
1301011008,"[20000,20000]",,,,,,,,,,,,,,,2W金币,
1303101001,,,,,,,,"[{""id"":1400400101,""w"":1,""num"":1},{""id"":1400400201,""w"":1,""num"":1},{""id"":1400400301,""w"":1,""num"":1},{""id"":1400400401,""w"":1,""num"":1},{""id"":1400400501,""w"":1,""num"":1},{""id"":1400400601,""w"":1,""num"":1}]",,,,,,1,,每周任务宝箱1,
1303101002,,,,,,,,"[{""id"":1400400102,""w"":1,""num"":1},{""id"":1400400202,""w"":1,""num"":1},{""id"":1400400302,""w"":1,""num"":1},{""id"":1400400402,""w"":1,""num"":1},{""id"":1400400502,""w"":1,""num"":1},{""id"":1400400602,""w"":1,""num"":1}]",,,,,,1,,每周任务宝箱2,
1303101003,,,,,,,,"[{""id"":1400400103,""w"":1,""num"":1},{""id"":1400400203,""w"":1,""num"":1},{""id"":1400400303,""w"":1,""num"":1},{""id"":1400400403,""w"":1,""num"":1},{""id"":1400400503,""w"":1,""num"":1},{""id"":1400400603,""w"":1,""num"":1}]",,,,,,1,,每周任务宝箱3,
1303111001,,,,"[500,500]",,,,,,,,,,,,500战功,
1303111002,,,,"[5000,5000]",,,,,,,,,,,,5000战功,
1303111003,,,,"[10000,10000]",,,,,,,,,,,,10000战功,
1303111004,,,,"[15000,15000]",,,,,,,,,,,,15000战功,
1303111005,,,,"[20000,20000]",,,,,,,,,,,,20000战功,
1303111006,,,,"[1000,1000]",,,,,,,,,,,,1000战功,
1303111007,,,,"[2000,2000]",,,,,,,,,,,,2000战功,
1303111008,,,,"[10000,10000]",,,,,,,,,,,,团购1W战功,
1303111009,,,,"[20000,20000]",,,,,,,,,,,,团购2W战功,
1310611001,"[5,15]",,,,,,,,,,,,,,,,
1310611002,"[10,30]",,,,,,,,,,,,,,,,
1310611003,"[15,45]",,,,,,,,,,,,,,,,
1310611004,"[20,60]",,,,,,,,,,,,,,,,
1310611005,"[25,75]",,,,,,,,,,,,,,,,
1320611001,"[15,30]",,,,,,,,,,,,,,,,
1320611002,"[30,60]",,,,,,,,,,,,,,,,
1320611003,"[45,90]",,,,,,,,,,,,,,,,
1320611004,"[60,120]",,,,,,,,,,,,,,,,
1320611005,"[75,150]",,,,,,,,,,,,,,,,
1330611001,"[30,100]",,,,,,,,,,,,,,,,
1330611002,"[60,200]",,,,,,,,,,,,,,,,
1330611003,"[90,300]",,,,,,,,,,,,,,,,
1330611004,"[120,400]",,,,,,,,,,,,,,,,
1330611005,"[150,500]",,,,,,,,,,,,,,,,
1901601001,,,,"[100,500]",,,,,,,,,,,,,
1311211001,,,,"[500,500]",,,,,,,,,,,,500战功,
1311211002,,,,"[1000,1000]",,,,,,,,,,,,1000战功,
1311211003,,,,"[2000,2000]",,,,,,,,,,,,2000战功,
1316101001,,,,,,,,"[{""id"":1210300001,""w"":1,""num"":1},{""id"":1210500001,""w"":1,""num"":1},{""id"":1210700001,""w"":1,""num"":1},{""id"":1210900001,""w"":1,""num"":1}]",,,,,,1,,1级攻击宝石袋,
1326101001,,,,,,,,"[{""id"":1220100001,""w"":1,""num"":1},{""id"":1220400001,""w"":1,""num"":1},{""id"":1220600001,""w"":1,""num"":1},{""id"":1220800001,""w"":1,""num"":1},{""id"":1221000001,""w"":1,""num"":1}]",,,,,,1,,1级防御宝石袋,
1316101002,,,,,,,,"[{""id"":1210300002,""w"":1,""num"":1},{""id"":1210500002,""w"":1,""num"":1},{""id"":1210700002,""w"":1,""num"":1},{""id"":1210900002,""w"":1,""num"":1}]",,,,,,1,,2级攻击宝石袋,
1326101002,,,,,,,,"[{""id"":1220100002,""w"":1,""num"":1},{""id"":1220400002,""w"":1,""num"":1},{""id"":1220600002,""w"":1,""num"":1},{""id"":1220800002,""w"":1,""num"":1},{""id"":1221000002,""w"":1,""num"":1}]",,,,,,1,,2级防御宝石袋,
1316101003,,,,,,,,"[{""id"":1210300003,""w"":1,""num"":1},{""id"":1210500003,""w"":1,""num"":1},{""id"":1210700003,""w"":1,""num"":1},{""id"":1210900003,""w"":1,""num"":1}]",,,,,,1,,3级攻击宝石袋,
1326101003,,,,,,,,"[{""id"":1220100003,""w"":1,""num"":1},{""id"":1220400003,""w"":1,""num"":1},{""id"":1220600003,""w"":1,""num"":1},{""id"":1220800003,""w"":1,""num"":1},{""id"":1221000003,""w"":1,""num"":1}]",,,,,,1,,3级防御宝石袋,
1316101004,,,,,,,,"[{""id"":1210300004,""w"":1,""num"":1},{""id"":1210500004,""w"":1,""num"":1},{""id"":1210700004,""w"":1,""num"":1},{""id"":1210900004,""w"":1,""num"":1}]",,,,,,1,,4级攻击宝石袋,
1326101004,,,,,,,,"[{""id"":1220100004,""w"":1,""num"":1},{""id"":1220400004,""w"":1,""num"":1},{""id"":1220600004,""w"":1,""num"":1},{""id"":1220800004,""w"":1,""num"":1},{""id"":1221000004,""w"":1,""num"":1}]",,,,,,1,,4级防御宝石袋,
1316101005,,,,,,,,"[{""id"":1210300005,""w"":1,""num"":1},{""id"":1210500005,""w"":1,""num"":1},{""id"":1210700005,""w"":1,""num"":1},{""id"":1210900005,""w"":1,""num"":1}]",,,,,,1,,5级攻击宝石袋,
1326101005,,,,,,,,"[{""id"":1220100005,""w"":1,""num"":1},{""id"":1220400005,""w"":1,""num"":1},{""id"":1220600005,""w"":1,""num"":1},{""id"":1220800005,""w"":1,""num"":1},{""id"":1221000005,""w"":1,""num"":1}]",,,,,,1,,5级防御宝石袋,
1401101001,,,,,,,,"[{""id"":1402100001,""w"":1,""num"":1},{""id"":1402200001,""w"":1,""num"":1},{""id"":1402300001,""w"":1,""num"":1}]",,,,,,1,,幽光宝藏,
1401101002,,,,,,,,"[{""id"":1402100002,""w"":1,""num"":1},{""id"":1402200002,""w"":1,""num"":1},{""id"":1402300002,""w"":1,""num"":1}]",,,,,,1,,红莲宝藏,
1401101003,,,,,,,,"[{""id"":1402100003,""w"":1,""num"":1},{""id"":1402200003,""w"":1,""num"":1},{""id"":1402300003,""w"":1,""num"":1}]",,,,,,1,,龙魂宝藏,
1401201001,,,,,,,,"[{""id"":1402400001,""w"":1,""num"":1},{""id"":1402500001,""w"":1,""num"":1},{""id"":1402600001,""w"":1,""num"":1}]",,,,,,1,,幽光宝盒,
1401201002,,,,,,,,"[{""id"":1402400002,""w"":1,""num"":1},{""id"":1402500002,""w"":1,""num"":1},{""id"":1402600002,""w"":1,""num"":1}]",,,,,,1,,红莲宝盒,
1401201003,,,,,,,,"[{""id"":1402400003,""w"":1,""num"":1},{""id"":1402500003,""w"":1,""num"":1},{""id"":1402600003,""w"":1,""num"":1}]",,,,,,1,,龙魂宝盒,
100001,"[50000,50000]",,,,,,,"[{""id"":1400500001,""w"":1,""num"":3},{""id"":1403100001,""w"":1,""num"":3},{""id"":1403200001,""w"":1,""num"":1}]",,,,,,3,,战魔神殿第一名奖励,
100002,"[40000,40000]",,,,,,,"[{""id"":1400500001,""w"":1,""num"":2},{""id"":1403100001,""w"":1,""num"":2}]",,,,,,2,,战魔神殿2-5名奖励,
100003,"[30000,30000]",,,,,,,"[{""id"":1400500001,""w"":1,""num"":1},{""id"":1403100001,""w"":1,""num"":1}]",,,,,,2,,战魔神殿6-10名奖励,
100004,"[20000,20000]",,,,,,,,,,,,,,,战魔神殿安慰奖,
100011,"[75000,75000]",,,,,,,"[{""id"":1400500001,""w"":1,""num"":3},{""id"":1403100001,""w"":1,""num"":4},{""id"":1403200001,""w"":1,""num"":2}]",,,,,,3,,战魔神殿第一名奖励,
100012,"[60000,60000]",,,,,,,"[{""id"":1400500001,""w"":1,""num"":2},{""id"":1403100001,""w"":1,""num"":3},{""id"":1403200001,""w"":1,""num"":1}]",,,,,,3,,战魔神殿2-5名奖励,
100013,"[45000,45000]",,,,,,,"[{""id"":1400500001,""w"":1,""num"":1},{""id"":1403100001,""w"":1,""num"":2}]",,,,,,2,,战魔神殿6-10名奖励,
100014,"[30000,30000]",,,,,,,,,,,,,,,战魔神殿安慰奖,
100021,"[100000,100000]",,,,,,,"[{""id"":1400500001,""w"":1,""num"":4},{""id"":1403100001,""w"":1,""num"":5},{""id"":1403200001,""w"":1,""num"":2}]",,,,,,3,,战魔神殿第一名奖励,
100022,"[80000,80000]",,,,,,,"[{""id"":1400500001,""w"":1,""num"":3},{""id"":1403100001,""w"":1,""num"":3},{""id"":1403200001,""w"":1,""num"":1}]",,,,,,3,,战魔神殿2-5名奖励,
100023,"[60000,60000]",,,,,,,"[{""id"":1400500001,""w"":1,""num"":2},{""id"":1403100001,""w"":1,""num"":2}]",,,,,,2,,战魔神殿6-10名奖励,
100024,"[40000,40000]",,,,,,,,,,,,,,,战魔神殿安慰奖,
100031,"[125000,125000]",,,,,,,"[{""id"":1400500001,""w"":1,""num"":4},{""id"":1403100001,""w"":1,""num"":6},{""id"":1403200001,""w"":1,""num"":3}]",,,,,,3,,战魔神殿第一名奖励,
100032,"[100000,100000]",,,,,,,"[{""id"":1400500001,""w"":1,""num"":3},{""id"":1403100001,""w"":1,""num"":4},{""id"":1403200001,""w"":1,""num"":2}]",,,,,,3,,战魔神殿2-5名奖励,
100033,"[75000,75000]",,,,,,,"[{""id"":1400500001,""w"":1,""num"":2},{""id"":1403100001,""w"":1,""num"":3},{""id"":1403200001,""w"":1,""num"":1}]",,,,,,3,,战魔神殿6-10名奖励,
100034,"[50000,50000]",,,,,,,,,,,,,,,战魔神殿安慰奖,
100041,"[150000,150000]",,,,,,,"[{""id"":1400500001,""w"":1,""num"":5},{""id"":1403100001,""w"":1,""num"":7},{""id"":1403200001,""w"":1,""num"":3}]",,,,,,3,,战魔神殿第一名奖励,
100042,"[120000,120000]",,,,,,,"[{""id"":1400500001,""w"":1,""num"":4},{""id"":1403100001,""w"":1,""num"":5},{""id"":1403200001,""w"":1,""num"":2}]",,,,,,3,,战魔神殿2-5名奖励,
100043,"[90000,90000]",,,,,,,"[{""id"":1400500001,""w"":1,""num"":3},{""id"":1403100001,""w"":1,""num"":3},{""id"":1403200001,""w"":1,""num"":1}]",,,,,,3,,战魔神殿6-10名奖励,
100044,"[60000,60000]",,,,,,,"[{""id"":1400500001,""w"":1,""num"":1},{""id"":1403100001,""w"":1,""num"":1}]",,,,,,2,,战魔神殿安慰奖,
100051,"[175000,175000]",,,,,,,"[{""id"":1400500001,""w"":1,""num"":5},{""id"":1403100001,""w"":1,""num"":8},{""id"":1403200001,""w"":1,""num"":4}]",,,,,,3,,战魔神殿第一名奖励,
100052,"[140000,140000]",,,,,,,"[{""id"":1400500001,""w"":1,""num"":4},{""id"":1403100001,""w"":1,""num"":6},{""id"":1403200001,""w"":1,""num"":3}]",,,,,,3,,战魔神殿2-5名奖励,
100053,"[105000,105000]",,,,,,,"[{""id"":1400500001,""w"":1,""num"":3},{""id"":1403100001,""w"":1,""num"":4},{""id"":1403200001,""w"":1,""num"":2}]",,,,,,3,,战魔神殿6-10名奖励,
100054,"[70000,70000]",,,,,,,"[{""id"":1400500001,""w"":1,""num"":1},{""id"":1403100001,""w"":1,""num"":1}]",,,,,,2,,战魔神殿安慰奖,
100061,"[200000,200000]",,,,,,,"[{""id"":1400500001,""w"":1,""num"":6},{""id"":1403100001,""w"":1,""num"":9},{""id"":1403200001,""w"":1,""num"":4}]",,,,,,3,,战魔神殿第一名奖励,
100062,"[160000,160000]",,,,,,,"[{""id"":1400500001,""w"":1,""num"":5},{""id"":1403100001,""w"":1,""num"":7},{""id"":1403200001,""w"":1,""num"":3}]",,,,,,3,,战魔神殿2-5名奖励,
100063,"[120000,120000]",,,,,,,"[{""id"":1400500001,""w"":1,""num"":4},{""id"":1403100001,""w"":1,""num"":5},{""id"":1403200001,""w"":1,""num"":2}]",,,,,,3,,战魔神殿6-10名奖励,
100064,"[80000,80000]",,,,,,,"[{""id"":1400500001,""w"":1,""num"":1},{""id"":1403100001,""w"":1,""num"":2}]",,,,,,2,,战魔神殿安慰奖,
100071,"[225000,225000]",,,,,,,"[{""id"":1400500001,""w"":1,""num"":6},{""id"":1403100001,""w"":1,""num"":10},{""id"":1403200001,""w"":1,""num"":5}]",,,,,,3,,战魔神殿第一名奖励,
100072,"[180000,180000]",,,,,,,"[{""id"":1400500001,""w"":1,""num"":5},{""id"":1403100001,""w"":1,""num"":8},{""id"":1403200001,""w"":1,""num"":4}]",,,,,,3,,战魔神殿2-5名奖励,
100073,"[135000,135000]",,,,,,,"[{""id"":1400500001,""w"":1,""num"":4},{""id"":1403100001,""w"":1,""num"":6},{""id"":1403200001,""w"":1,""num"":3}]",,,,,,3,,战魔神殿6-10名奖励,
100074,"[90000,90000]",,,,,,,"[{""id"":1400500001,""w"":1,""num"":1},{""id"":1403100001,""w"":1,""num"":2},{""id"":1403200001,""w"":1,""num"":1}]",,,,,,3,,战魔神殿安慰奖,
100081,"[250000,250000]",,,,,,,"[{""id"":1400500001,""w"":1,""num"":7},{""id"":1403100001,""w"":1,""num"":11},{""id"":1403200001,""w"":1,""num"":5}]",,,,,,3,,战魔神殿第一名奖励,
100082,"[200000,200000]",,,,,,,"[{""id"":1400500001,""w"":1,""num"":6},{""id"":1403100001,""w"":1,""num"":9},{""id"":1403200001,""w"":1,""num"":4}]",,,,,,3,,战魔神殿2-5名奖励,
100083,"[150000,150000]",,,,,,,"[{""id"":1400500001,""w"":1,""num"":5},{""id"":1403100001,""w"":1,""num"":7},{""id"":1403200001,""w"":1,""num"":3}]",,,,,,3,,战魔神殿6-10名奖励,
100084,"[100000,100000]",,,,,,,"[{""id"":1400500001,""w"":1,""num"":2},{""id"":1403100001,""w"":1,""num"":3},{""id"":1403200001,""w"":1,""num"":1}]",,,,,,3,,战魔神殿安慰奖,
100091,"[275000,275000]",,,,,,,"[{""id"":1400500001,""w"":1,""num"":7},{""id"":1403100001,""w"":1,""num"":12},{""id"":1403200001,""w"":1,""num"":6}]",,,,,,3,,战魔神殿第一名奖励,
100092,"[220000,220000]",,,,,,,"[{""id"":1400500001,""w"":1,""num"":6},{""id"":1403100001,""w"":1,""num"":9},{""id"":1403200001,""w"":1,""num"":5}]",,,,,,3,,战魔神殿2-5名奖励,
100093,"[165000,165000]",,,,,,,"[{""id"":1400500001,""w"":1,""num"":5},{""id"":1403100001,""w"":1,""num"":7},{""id"":1403200001,""w"":1,""num"":4}]",,,,,,3,,战魔神殿6-10名奖励,
100094,"[110000,110000]",,,,,,,"[{""id"":1400500001,""w"":1,""num"":2},{""id"":1403100001,""w"":1,""num"":3},{""id"":1403200001,""w"":1,""num"":1}]",,,,,,3,,战魔神殿安慰奖,
100101,"[300000,300000]",,,,,,,"[{""id"":1400500001,""w"":1,""num"":8},{""id"":1403100001,""w"":1,""num"":13},{""id"":1403200001,""w"":1,""num"":6}]",,,,,,3,,战魔神殿第一名奖励,
100102,"[240000,240000]",,,,,,,"[{""id"":1400500001,""w"":1,""num"":7},{""id"":1403100001,""w"":1,""num"":10},{""id"":1403200001,""w"":1,""num"":5}]",,,,,,3,,战魔神殿2-5名奖励,
100103,"[180000,180000]",,,,,,,"[{""id"":1400500001,""w"":1,""num"":6},{""id"":1403100001,""w"":1,""num"":7},{""id"":1403200001,""w"":1,""num"":4}]",,,,,,3,,战魔神殿6-10名奖励,
100104,"[120000,120000]",,,,,,,"[{""id"":1400500001,""w"":1,""num"":2},{""id"":1403100001,""w"":1,""num"":3},{""id"":1403200001,""w"":1,""num"":1}]",,,,,,3,,战魔神殿安慰奖,
1307101101,"[10000,10000]",,,,,,,"[{""id"":1903100001,""w"":300,""num"":10},{""id"":1400100001,""w"":300,""num"":5}]",,,,,,2,,新手礼包,
1307101102,"[10000,10000]",,,,,,,"[{""id"":1400100001,""w"":300,""num"":10}]",,,,,,1,,微信礼包,
1307101103,"[10000,10000]",,,,,,,"[{""id"":1316101001,""w"":300,""num"":5},{""id"":1326101001,""w"":300,""num"":5}]",,,,,,2,,媒体礼包,
1307101104,,,,,,,,"[{""id"":1400100001,""w"":300,""num"":10},{""id"":1316101002,""w"":300,""num"":2},{""id"":1326101002,""w"":300,""num"":2},{""id"":1903100001,""w"":300,""num"":10}]",,,,,,4,,公会礼包,
1307101105,"[10000,10000]",,,"[1000,1000]",,,,"[{""id"":1316101001,""w"":300,""num"":5},{""id"":1326101001,""w"":300,""num"":5}]",,,,,,2,,特权礼包,
1307101106,,,,"[1000,1000]",,,,"[{""id"":1400100001,""w"":300,""num"":10},{""id"":1316101001,""w"":300,""num"":5},{""id"":1326101001,""w"":300,""num"":5}]",,,,,,3,,活动礼包1,
1307101107,"[10000,10000]",,,,,,,"[{""id"":1400100001,""w"":300,""num"":10},{""id"":1316101001,""w"":300,""num"":5},{""id"":1326101001,""w"":300,""num"":5}]",,,,,,3,,活动礼包2,
1307101108,,,,,,,,"[{""id"":1400100001,""w"":300,""num"":10},{""id"":1316101002,""w"":300,""num"":3},{""id"":1326101002,""w"":300,""num"":3}]",,,,,,3,,活动礼包3,
1307101109,"[5000,5000]",,,,,,,"[{""id"":1400100001,""w"":300,""num"":5}]",,,,,,1,,活动礼包4,
1307101110,,,,"[1000,1000]",,,,"[{""id"":1316101002,""w"":300,""num"":3},{""id"":1326101002,""w"":300,""num"":3},{""id"":1903100001,""w"":300,""num"":10}]",,,,,,3,,合作礼包,
1307101111,"[10000,10000]",,,"[1000,1000]",,,,"[{""id"":1316101002,""w"":300,""num"":2},{""id"":1326101002,""w"":300,""num"":2}]",,,,,,2,,独家礼包,
1307101112,"[30000,30000]",,,,,,,"[{""id"":1316101001,""w"":300,""num"":4},{""id"":1326101001,""w"":300,""num"":4}]",,,,,,2,,中元节礼包A,
1307101113,"[30000,30000]",,,,,,,"[{""id"":1316101002,""w"":300,""num"":2},{""id"":1326101002,""w"":300,""num"":2}]",,,,,,2,,中元节礼包B,
1307101114,"[10000,10000]",,,,,,,"[{""id"":1400100001,""w"":300,""num"":10},{""id"":1903100001,""w"":300,""num"":10}]",,,,,,2,,UC成立纪念礼包A,
1307101115,"[30000,30000]",,,"[1000,1000]",,,,"[{""id"":1400100002,""w"":300,""num"":5},{""id"":1903100001,""w"":300,""num"":10}]",,,,,,2,,UC成立纪念礼包B,
1307101116,"[10000,10000]",,,,,,,"[{""id"":1400100001,""w"":300,""num"":5},{""id"":1903100001,""w"":300,""num"":10}]",,,,,,2,,开学礼包A,
1307101117,"[20000,20000]",,,,,,,"[{""id"":1400100001,""w"":300,""num"":10},{""id"":1316101001,""w"":300,""num"":5},{""id"":1326101001,""w"":300,""num"":5}]",,,,,,3,,开学礼包B,
1307101118,"[50000,50000]",,,,,,,"[{""id"":1400100001,""w"":300,""num"":10},{""id"":1316101001,""w"":300,""num"":3},{""id"":1326101001,""w"":300,""num"":3},{""id"":1400200001,""w"":300,""num"":1}]",,,,,,4,,独家礼包,
1307101119,"[20000,20000]",,,"[1000,1000]",,,,"[{""id"":1316101001,""w"":300,""num"":5},{""id"":1326101001,""w"":300,""num"":5}]",,,,,,2,,好评活动礼包,
1307101120,"[10000,10000]",,,,,,,"[{""id"":1400100001,""w"":300,""num"":10},{""id"":1903100001,""w"":300,""num"":5}]",,,,,,2,,微信分享礼包,
1307101121,"[20000,20000]",,,,,,,,,,,,,,,每日分享礼包,
1307101122,"[88888,88888]",,,,,,,"[{""id"":1400200001,""w"":300,""num"":2},{""id"":1400300001,""w"":300,""num"":2},{""id"":1903200003,""w"":300,""num"":1}]",,,,,,3,,国庆礼包,
1307101123,"[50000,50000]",,,,,,,"[{""id"":1400100001,""w"":300,""num"":10},{""id"":1316101002,""w"":300,""num"":1},{""id"":1326101002,""w"":300,""num"":1}]",,,,,,3,,万圣节礼包,
1307101124,"[50000,50000]",,,,,,,"[{""id"":1400100002,""w"":300,""num"":2},{""id"":1326101002,""w"":300,""num"":1}]",,,,,,2,,登陆礼包,
1307101125,"[88888,88888]",,,,,,,"[{""id"":1400500002,""w"":300,""num"":1},{""id"":1400200002,""w"":300,""num"":2},{""id"":1400300002,""w"":300,""num"":2}]",,,,,,3,,老玩家召回礼包,
1307101126,"[100000,100000]",,,,,,,"[{""id"":1316101002,""w"":300,""num"":2},{""id"":1326101002,""w"":300,""num"":2},{""id"":1400200001,""w"":300,""num"":5},{""id"":1400300001,""w"":300,""num"":5}]",,,,,,4,,初级礼包,
1307101127,"[200000,200000]",,,,,,,"[{""id"":1400100001,""w"":300,""num"":20},{""id"":1401100001,""w"":70,""num"":5},{""id"":1401200001,""w"":70,""num"":5}]",,,,,,3,,中级礼包,
1307101128,"[500000,500000]",,,"[10000,10000]",,,,"[{""id"":1316101003,""w"":300,""num"":2},{""id"":1326101003,""w"":300,""num"":2},{""id"":1601000001,""w"":300,""num"":50}]",,,,,,3,,高级礼包,
1307101129,"[1000000,1000000]",,,"[20000,20000]",,,,"[{""id"":1316101004,""w"":300,""num"":1},{""id"":1326101004,""w"":300,""num"":1},{""id"":1602000001,""w"":300,""num"":40}]",,,,,,3,,特级礼包,
1307101011,,,,"[20000,20000]",,,,"[{""id"":1400100002,""w"":300,""num"":20},{""id"":1400200001,""w"":300,""num"":20}]",,,,,,2,,冲级第1名,
1307101012,,,,"[12000,12000]",,,,"[{""id"":1400100002,""w"":300,""num"":12},{""id"":1400200001,""w"":300,""num"":12}]",,,,,,2,,冲级第2-5名,
1307101013,,,,"[8000,8000]",,,,"[{""id"":1400100002,""w"":300,""num"":8},{""id"":1400200001,""w"":300,""num"":8}]",,,,,,2,,冲级第6-20名,
1307101014,,,,"[5000,5000]",,,,"[{""id"":1400100002,""w"":300,""num"":5},{""id"":1400200001,""w"":300,""num"":5}]",,,,,,2,,冲级第21-50名,
1307101015,,,,"[2000,2000]",,,,"[{""id"":1400100002,""w"":300,""num"":2},{""id"":1400200001,""w"":300,""num"":2}]",,,,,,2,,冲级第51-100名,
1307101021,"[100000,100000]",,,,,,,"[{""id"":1316101003,""w"":300,""num"":5},{""id"":1326101003,""w"":300,""num"":5},{""id"":1400300001,""w"":300,""num"":20}]",,,,,,3,,战力第1名,
1307101022,"[60000,60000]",,,,,,,"[{""id"":1316101003,""w"":300,""num"":3},{""id"":1326101003,""w"":300,""num"":3},{""id"":1400300001,""w"":300,""num"":12}]",,,,,,3,,战力第2-5名,
1307101023,"[40000,40000]",,,,,,,"[{""id"":1316101002,""w"":300,""num"":5},{""id"":1326101002,""w"":300,""num"":5},{""id"":1400300001,""w"":300,""num"":8}]",,,,,,3,,战力第6-20名,
1307101024,"[25000,25000]",,,,,,,"[{""id"":1316101002,""w"":300,""num"":3},{""id"":1326101002,""w"":300,""num"":3},{""id"":1400300001,""w"":300,""num"":5}]",,,,,,3,,战力第21-50名,
1307101025,"[10000,10000]",,,,,,,"[{""id"":1316101002,""w"":300,""num"":1},{""id"":1326101002,""w"":300,""num"":1},{""id"":1400300001,""w"":300,""num"":2}]",,,,,,3,,战力第51-100名,
1307101031,,,,,,,,"[{""id"":1307101131,""w"":300,""num"":1},{""id"":1131400031,""w"":300,""num"":1},{""id"":1131400032,""w"":300,""num"":1}]",,,,,,3,,回归礼包(男),
1307101032,,,,,,,,"[{""id"":1307101131,""w"":300,""num"":1},{""id"":1131300031,""w"":300,""num"":1},{""id"":1131300032,""w"":300,""num"":1}]",,,,,,3,,回归礼包(女),
1307101131,"[50000,50000]",,,,,,,"[{""id"":1400100001,""w"":300,""num"":10},{""id"":1316101002,""w"":300,""num"":2},{""id"":1326101002,""w"":300,""num"":2},{""id"":1400200001,""w"":300,""num"":3},{""id"":1400300001,""w"":300,""num"":3}]",,,,,,5,,回归礼包,
1307101033,"[500000,500000]",,,,,,,"[{""id"":1400100002,""w"":300,""num"":5},{""id"":1316101003,""w"":300,""num"":1},{""id"":1326101003,""w"":300,""num"":1},{""id"":1400200001,""w"":300,""num"":20},{""id"":1400300001,""w"":300,""num"":20},{""id"":1400500001,""w"":300,""num"":10},{""id"":2000001005,""w"":300,""num"":1}]",,,,,,7,,豪华回归礼包,
1307101034,"[500000,500000]",,,,,,,"[{""id"":1400100002,""w"":300,""num"":5},{""id"":1316101003,""w"":300,""num"":1},{""id"":1326101003,""w"":300,""num"":1},{""id"":1400200001,""w"":300,""num"":20},{""id"":1400300001,""w"":300,""num"":20},{""id"":1400500001,""w"":300,""num"":10},{""id"":2000001005,""w"":300,""num"":1}]",,,,,,7,,豪华回归礼包,
1307101041,,,,,,,"[100,100]","[{""id"":1400100001,""w"":300,""num"":5},{""id"":1400200001,""w"":300,""num"":10},{""id"":1400300001,""w"":300,""num"":10}]",,,,,,3,,等级20级礼包,
1307101042,,,,,,,"[100,100]","[{""id"":1400100002,""w"":300,""num"":5},{""id"":1400500001,""w"":300,""num"":10}]",,,,,,2,,等级30级礼包,
1307101043,,,,,,,"[100,100]","[{""id"":1400100002,""w"":300,""num"":5},{""id"":1400200002,""w"":300,""num"":5},{""id"":1400300002,""w"":300,""num"":5}]",,,,,,3,,等级40级礼包,
1307101044,,,,,,,"[100,100]","[{""id"":1400100003,""w"":300,""num"":5},{""id"":1316101003,""w"":300,""num"":1},{""id"":1326101003,""w"":300,""num"":1}]",,,,,,3,,等级50级礼包,
1307101045,,,,,,,"[100,100]","[{""id"":1400100003,""w"":300,""num"":5},{""id"":1316101004,""w"":300,""num"":1},{""id"":1326101004,""w"":300,""num"":1}]",,,,,,3,,等级60级礼包,
1307101046,,,,,,,"[100,100]","[{""id"":1400100003,""w"":300,""num"":10},{""id"":1316101005,""w"":300,""num"":1},{""id"":1326101005,""w"":300,""num"":1}]",,,,,,3,,等级70级礼包,
1307101051,,,,,,,,"[{""id"":1131300012,""w"":300,""num"":1},{""id"":1400200001,""w"":300,""num"":3},{""id"":1400300001,""w"":300,""num"":3},{""id"":1400100001,""w"":300,""num"":10}]",,,,,,4,,首充礼包(女),
1307101052,,,,,,,,"[{""id"":1131400012,""w"":300,""num"":1},{""id"":1400200001,""w"":300,""num"":3},{""id"":1400300001,""w"":300,""num"":3},{""id"":1400100001,""w"":300,""num"":10}]",,,,,,4,,首充礼包(男),
1307101061,"[50000,50000]",,,,,,,"[{""id"":1400100001,""w"":300,""num"":5},{""id"":1316101003,""w"":300,""num"":2}]",,,,,,2,,内测精英礼包,
1307101201,"[50000,50000]",,,,,,,,,,,,,,,vip1礼包,
1307101202,,,,,,,,"[{""id"":1131100043,""w"":300,""num"":1},{""id"":1400100001,""w"":300,""num"":20}]",,,,,,2,,vip2礼包(圣骑),
1307101232,,,,,,,,"[{""id"":1131200043,""w"":300,""num"":1},{""id"":1400100001,""w"":300,""num"":20}]",,,,,,2,,vip2礼包(魔剑),
1307101262,,,,,,,,"[{""id"":1131400043,""w"":300,""num"":1},{""id"":1400100001,""w"":300,""num"":20}]",,,,,,2,,vip2礼包(狂战),
1307101203,,,,,,,,"[{""id"":1131300011,""w"":300,""num"":1},{""id"":1400200001,""w"":300,""num"":10},{""id"":1400300001,""w"":300,""num"":10}]",,,,,,3,,vip3礼包(女),
1307101233,,,,,,,,"[{""id"":1131400011,""w"":300,""num"":1},{""id"":1400200001,""w"":300,""num"":10},{""id"":1400300001,""w"":300,""num"":10}]",,,,,,3,,vip3礼包(男),
1307101204,,,,,,,,"[{""id"":1316101001,""w"":300,""num"":10},{""id"":1326101001,""w"":300,""num"":10}]",,,,,,2,,vip4礼包,
1307101205,,,,,,,,"[{""id"":1400500001,""w"":300,""num"":10}]",,,,,,1,,vip5礼包,
1307101206,,,,,,,,"[{""id"":1316101002,""w"":300,""num"":6},{""id"":1326101002,""w"":300,""num"":6},{""id"":1400200001,""w"":300,""num"":10}]",,,,,,3,,vip6礼包,
1307101207,,,,,,,,"[{""id"":1131300032,""w"":300,""num"":1}]",,,,,,1,,vip7礼包(女),
1307101237,,,,,,,,"[{""id"":1131400032,""w"":300,""num"":1}]",,,,,,1,,vip7礼包(男),
1307101208,,,,,,,,"[{""id"":1401200001,""w"":300,""num"":5}]",,,,,,1,,vip8礼包,
1307101209,,,,,,,,"[{""id"":1316101003,""w"":300,""num"":3},{""id"":1326101003,""w"":300,""num"":3},{""id"":1400300001,""w"":300,""num"":10}]",,,,,,3,,vip9礼包,
1307101210,,,,,,,,"[{""id"":1401100001,""w"":300,""num"":5}]",,,,,,1,,vip10礼包,
1307101211,,,,,,,,"[{""id"":1131300042,""w"":300,""num"":1}]",,,,,,1,,vip11礼包(女),
1307101241,,,,,,,,"[{""id"":1131400042,""w"":300,""num"":1}]",,,,,,1,,vip11礼包(男),
1307101212,,,,,,,,"[{""id"":1316101004,""w"":300,""num"":2},{""id"":1326101004,""w"":300,""num"":2},{""id"":1400500001,""w"":300,""num"":10}]",,,,,,3,,vip12礼包,
1307101213,,,,,,,,"[{""id"":1326101005,""w"":300,""num"":1},{""id"":1400100002,""w"":300,""num"":10}]",,,,,,2,,vip13礼包,
1307101214,,,,,,,,"[{""id"":1316101005,""w"":300,""num"":1},{""id"":1400100002,""w"":300,""num"":10}]",,,,,,2,,vip14礼包,
1307101215,,,,,,,,"[{""id"":1131100013,""w"":300,""num"":1}]",,,,,,1,,vip15礼包(圣骑),
1307101245,,,,,,,,"[{""id"":1131200013,""w"":300,""num"":1}]",,,,,,1,,vip15礼包(魔剑),
1307101275,,,,,,,,"[{""id"":1131400013,""w"":300,""num"":1}]",,,,,,1,,vip15礼包(狂战),
1306101001,,,,,,,,"[{""id"":1400100002,""w"":300,""num"":10},{""id"":1400200002,""w"":300,""num"":4},{""id"":1400300002,""w"":300,""num"":4}]",,,,,,3,,VIP维护礼包1,
1306101002,,,,,,,,"[{""id"":1400100002,""w"":300,""num"":20},{""id"":1400200002,""w"":300,""num"":4},{""id"":1400300002,""w"":300,""num"":4},{""id"":1602000001,""w"":300,""num"":5}]",,,,,,4,,VIP维护礼包2,
1306101003,,,,,,,,"[{""id"":1400100002,""w"":300,""num"":20},{""id"":1400200002,""w"":300,""num"":4},{""id"":1400300002,""w"":300,""num"":4},{""id"":1602000001,""w"":300,""num"":10},{""id"":1316101003,""w"":300,""num"":1},{""id"":1316101003,""w"":300,""num"":1}]",,,,,,6,,VIP维护礼包3,
1306101004,,,,,,,,"[{""id"":1400100002,""w"":300,""num"":20},{""id"":1400200002,""w"":300,""num"":6},{""id"":1400300002,""w"":300,""num"":6},{""id"":1602000001,""w"":300,""num"":10},{""id"":1316101003,""w"":300,""num"":2},{""id"":1326101003,""w"":300,""num"":2}]",,,,,,6,,VIP维护礼包4,
1306101005,,,,,,,,"[{""id"":1400100003,""w"":300,""num"":10},{""id"":1400200002,""w"":300,""num"":10},{""id"":1400300002,""w"":300,""num"":10},{""id"":1602000001,""w"":300,""num"":15},{""id"":1316101004,""w"":300,""num"":1},{""id"":1326101004,""w"":300,""num"":1}]",,,,,,6,,VIP维护礼包5,
1306101006,,,,,,,,"[{""id"":1400100003,""w"":300,""num"":15},{""id"":1400200003,""w"":300,""num"":5},{""id"":1400300003,""w"":300,""num"":5},{""id"":1602000001,""w"":300,""num"":15},{""id"":1316101004,""w"":300,""num"":2},{""id"":1326101004,""w"":300,""num"":2}]",,,,,,6,,VIP维护礼包6,
1306101007,,,,,,,"[500,500]","[{""id"":1602000001,""w"":1,""num"":2},{""id"":1400100002,""w"":1,""num"":2}]",,,,,,2,,超值礼包,
1307101001,"[500000,500000]",,,,,,"[200,200]","[{""id"":1400200001,""w"":1,""num"":80},{""id"":1400300001,""w"":1,""num"":80},{""id"":1400100001,""w"":1,""num"":100},{""id"":1316101002,""w"":1,""num"":10},{""id"":1326101002,""w"":1,""num"":10},{""id"":1400500001,""w"":1,""num"":5}]",,,,,,6,,回归礼包,
1307101002,"[800000,800000]",,,,,,"[200,200]","[{""id"":1400200001,""w"":1,""num"":120},{""id"":1400300001,""w"":1,""num"":120},{""id"":1400100001,""w"":1,""num"":150},{""id"":1316101002,""w"":1,""num"":15},{""id"":1326101002,""w"":1,""num"":15},{""id"":1400500001,""w"":1,""num"":10}]",,,,,,6,,VIP回归礼包,
1306101008,,,,,,,,"[{""id"":1601000001,""w"":1,""num"":10}]",,,,,,1,,进阶羽翼包,
1306101009,,,,,,,,"[{""id"":1601000001,""w"":1,""num"":50}]",,,,,,1,,极品羽翼包,
1306101010,,,,,,,,"[{""id"":1601000001,""w"":1,""num"":100}]",,,,,,1,,神级羽翼包,
1306101108,,,,,,,,"[{""id"":1602000001,""w"":1,""num"":3}]",,,,,,1,,进阶羽化包,
1306101109,,,,,,,,"[{""id"":1602000001,""w"":1,""num"":20}]",,,,,,1,,极品羽化包,
1306101110,,,,,,,,"[{""id"":1602000001,""w"":1,""num"":50}]",,,,,,1,,神级羽化包,
1307101301,"[200000,200000]",,,,,,,"[{""id"":1400100001,""w"":1,""num"":50}]",,,,,,1,,新手礼盒,
1307101302,,,,,,,,"[{""id"":1400200001,""w"":1,""num"":40},{""id"":1400300001,""w"":1,""num"":40}]",,,,,,2,,高手礼盒,
1307101303,,,,,,,,"[{""id"":2000001007,""w"":1,""num"":1},{""id"":2000001008,""w"":1,""num"":1}]",,,,,,2,,战神礼盒,
1307101304,,,,,,,,"[{""id"":1400200001,""w"":20,""num"":2},{""id"":1400300001,""w"":20,""num"":2},{""id"":1400100002,""w"":20,""num"":2},{""id"":1401100001,""w"":10,""num"":1},{""id"":1401200001,""w"":10,""num"":1},{""id"":1301001003,""w"":20,""num"":1}]",,,,,,1,,中秋活动的月饼,
1307101305,,,,,,,,"[{""id"":1308101001,""w"":1,""num"":1},{""id"":1601000001,""w"":40,""num"":2},{""id"":1400100002,""w"":25,""num"":2},{""id"":1401100001,""w"":10,""num"":1},{""id"":1401200001,""w"":10,""num"":1},{""id"":1301001004,""w"":13,""num"":1}]","{""1308101001"":1}","{""1308101001"":{""5"":5,""40"":100}}",,,,1,,福袋,
1307101306,,,,,,,,"[{""id"":1131400052,""w"":3,""num"":1},{""id"":1131400051,""w"":2,""num"":1},{""id"":1301001005,""w"":400,""num"":1},{""id"":1401100001,""w"":45,""num"":1},{""id"":1401200001,""w"":45,""num"":1},{""id"":1400200001,""w"":200,""num"":1},{""id"":1400300001,""w"":200,""num"":1},{""id"":1400100001,""w"":105,""num"":1}]",,,,,,1,,宙斯的魔盒,
1307101307,,,,,,,,"[{""id"":1131300052,""w"":3,""num"":1},{""id"":1131300051,""w"":2,""num"":1},{""id"":1301001005,""w"":400,""num"":1},{""id"":1401100001,""w"":45,""num"":1},{""id"":1401200001,""w"":45,""num"":1},{""id"":1400200001,""w"":200,""num"":1},{""id"":1400300001,""w"":200,""num"":1},{""id"":1400100001,""w"":105,""num"":1}]",,,,,,1,,宙斯的魔盒,
1308101001,,,,,,,,,,,,,,,,,
1307101308,,,,,,,,"[{""id"":1401200001,""w"":12,""num"":1},{""id"":1326101003,""w"":10,""num"":1},{""id"":1400100001,""w"":20,""num"":2},{""id"":1400200001,""w"":20,""num"":1},{""id"":1301001006,""w"":20,""num"":1},{""id"":1303111006,""w"":18,""num"":1}]",,,,,,1,,普通联盟礼包,
1307101309,,,,,,,,"[{""id"":1401200001,""w"":50,""num"":1},{""id"":1326101003,""w"":12,""num"":2},{""id"":1400100002,""w"":10,""num"":1},{""id"":1400200002,""w"":10,""num"":1},{""id"":1301001007,""w"":10,""num"":1},{""id"":1303111007,""w"":8,""num"":1}]",,,,,,1,,高级联盟礼包,
1337101001,,,,,,,,"[{""id"":1131300062,""w"":600,""num"":1},{""id"":1602000001,""w"":300,""num"":50}]",,,,,,2,,超级礼包(女),
1337101002,,,,,,,,"[{""id"":1131400062,""w"":600,""num"":1},{""id"":1602000001,""w"":300,""num"":50}]",,,,,,2,,超级礼包(男),
1301001003,"[50000,50000]",,,,,,,,,,,,,,,中秋金币袋,
1301001004,"[50000,50000]",,,,,,,,,,,,,,,福运金币袋,
1301001005,"[50000,50000]",,,,,,,,,,,,,,,宙斯的馈赠,
1301001006,"[50000,50000]",,,,,,,,,,,,,,,普通联盟金币袋,
1301001007,"[100000,100000]",,,,,,,,,,,,,,,高级联盟金币袋,
1307101310,,,,,,,,"[{""id"":1308101002,""w"":2.5,""num"":1},{""id"":1401100001,""w"":10,""num"":1},{""id"":1401200001,""w"":10,""num"":1},{""id"":1602000001,""w"":25,""num"":1},{""id"":1400100002,""w"":22.5,""num"":1},{""id"":1301001008,""w"":30,""num"":1}]","{""1308101002"":1}","{""1308101001"":{""40"":100}}",,,,1,,万圣节魔盒,
1301001008,"[50000,50000]",,,,,,,,,,,,,,,万圣节魔袋,
1307101311,,,,,,,,"[{""id"":1131300071,""w"":1,""num"":1},{""id"":1131300072,""w"":1,""num"":1},{""id"":1401100001,""w"":5,""num"":1},{""id"":1401200001,""w"":5,""num"":1},{""id"":1400200002,""w"":5,""num"":1},{""id"":1400300002,""w"":5,""num"":1},{""id"":1400100002,""w"":15,""num"":1},{""id"":1400200001,""w"":15,""num"":1},{""id"":1400300001,""w"":15,""num"":1},{""id"":1301001009,""w"":30,""num"":1}]","{""1131300071"":1,""1131300072"":1}","{""1131300071"":{""5"":3,""50"":100},""1131300072"":{""5"":2,""50"":100}}",,,,1,,处女座魔盒(女),
1307101312,,,,,,,,"[{""id"":1131400071,""w"":1,""num"":1},{""id"":1131400072,""w"":1,""num"":1},{""id"":1401100001,""w"":5,""num"":1},{""id"":1401200001,""w"":5,""num"":1},{""id"":1400200002,""w"":5,""num"":1},{""id"":1400300002,""w"":5,""num"":1},{""id"":1400100002,""w"":15,""num"":1},{""id"":1400200001,""w"":15,""num"":1},{""id"":1400300001,""w"":15,""num"":1},{""id"":1301001009,""w"":30,""num"":1}]","{""1131400071"":1,""1131400072"":1}","{""1131400071"":{""5"":3,""50"":100},""1131400072"":{""5"":2,""50"":100}}",,,,1,,处女座魔盒(男),
1301001009,"[50000,50000]",,,,,,,,,,,,,,,5W金币,
1307101401,"[50000,50000]",,,,,,,"[{""id"":1601000001,""w"":600,""num"":10},{""id"":1602000001,""w"":300,""num"":5}]",,,,,,2,,神之试炼5层礼包,
1307101402,"[100000,100000]",,,,,,,"[{""id"":1601000001,""w"":600,""num"":20},{""id"":1602000001,""w"":300,""num"":8}]",,,,,,2,,神之试炼10层礼包,
1307101403,"[200000,200000]",,,,,,,"[{""id"":1601000001,""w"":600,""num"":40},{""id"":1602000001,""w"":300,""num"":10}]",,,,,,2,,神之试炼15层礼包,
1307101404,"[300000,300000]",,,,,,,"[{""id"":1601000001,""w"":600,""num"":70},{""id"":1602000001,""w"":300,""num"":12}]",,,,,,2,,神之试炼20层礼包,
1307101405,"[400000,400000]",,,,,,,"[{""id"":1601000001,""w"":600,""num"":110},{""id"":1602000001,""w"":300,""num"":15}]",,,,,,2,,神之试炼25层礼包,
1307101406,"[500000,500000]",,,,,,,"[{""id"":1601000001,""w"":600,""num"":150},{""id"":1602000001,""w"":300,""num"":20}]",,,,,,2,,神之试炼30层礼包,
1307101407,"[600000,600000]",,,,,,,"[{""id"":1601000001,""w"":600,""num"":200},{""id"":1602000001,""w"":300,""num"":25}]",,,,,,2,,神之试炼35层礼包,
1307101501,"[50000,50000]",,,,,,"[200,200]",,,,,,,,,羽翼1阶礼包,
1307101502,"[100000,100000]",,,,,,"[400,400]",,,,,,,,,羽翼2阶礼包,
1307101503,"[200000,200000]",,,,,,"[600,600]",,,,,,,,,羽翼3阶礼包,
1307101504,"[400000,400000]",,,,,,"[800,800]",,,,,,,,,羽翼4阶礼包,
1307101505,"[800000,800000]",,,,,,"[1000,1000]",,,,,,,,,羽翼5阶礼包,
1307101506,"[1500000,1500000]",,,,,,"[1500,1500]",,,,,,,,,羽翼6阶礼包,
#1307101507,"[3000000,3000000]",,,,,,"[2000,2000]",,,,,,,,,羽翼7阶礼包,
#1307101508,"[6000000,6000000]",,,,,,"[3000,3000]",,,,,,,,,羽翼8阶礼包,
#1307101509,"[10000000,10000000]",,,,,,"[4000,4000]",,,,,,,,,羽翼9阶礼包,
#1307101510,"[15000000,15000000]",,,,,,"[5000,5000]",,,,,,,,,羽翼10阶礼包,
#1307101511,"[20000000,20000000]",,,,,,"[6000,6000]",,,,,,,,,羽翼11阶礼包,
#1307101512,"[30000000,30000000]",,,,,,"[8000,8000]",,,,,,,,,羽翼12阶礼包,
1307101601,,,,,,,,"[{""id"":1131100033,""w"":1,""num"":1}]",,,,,,1,,太阳神之矛,
1307101602,,,,,,,,"[{""id"":1131200033,""w"":1,""num"":1}]",,,,,,1,,太阳神之刃,
1307101603,,,,,,,,"[{""id"":1131400033,""w"":1,""num"":1}]",,,,,,1,,太阳神巨剑,
1300911012,,,,,,,"[5,5]",,,,,,,,,5钻石,
1300911013,,,,,,,"[10,10]",,,,,,,,,10钻石,
1300911014,,,,,,,"[15,15]",,,,,,,,,15钻石,
1600000001,,,,,,,,"[{""id"":1401100001,""w"":70,""num"":1},{""id"":1401200001,""w"":70,""num"":1},{""id"":1400500001,""w"":300,""num"":1},{""id"":1400200001,""w"":550,""num"":1},{""id"":1400300001,""w"":550,""num"":1},{""id"":1401100000,""w"":350,""num"":1},{""id"":1401200000,""w"":350,""num"":1},{""id"":1400100002,""w"":400,""num"":1},{""id"":1316101002,""w"":100,""num"":1},{""id"":1326101002,""w"":100,""num"":1},{""id"":1400100001,""w"":3560,""num"":1},{""id"":1400100001,""w"":800,""num"":2},{""id"":1316101001,""w"":500,""num"":1},{""id"":1326101001,""w"":500,""num"":1},{""id"":1903100001,""w"":1000,""num"":2},{""id"":1903400001,""w"":800,""num"":1}]",,,,,,1,,,
1600000002,,,,,,,,"[{""id"":1401100001,""w"":100,""num"":1},{""id"":1401200001,""w"":100,""num"":1},{""id"":1400500001,""w"":400,""num"":1},{""id"":1400200001,""w"":550,""num"":1},{""id"":1400300001,""w"":550,""num"":1},{""id"":1401100000,""w"":400,""num"":1},{""id"":1401200000,""w"":400,""num"":1},{""id"":1400100002,""w"":400,""num"":1},{""id"":1316101002,""w"":100,""num"":1},{""id"":1326101002,""w"":100,""num"":1},{""id"":1400100001,""w"":2800,""num"":1},{""id"":1400100001,""w"":800,""num"":2},{""id"":1316101001,""w"":400,""num"":1},{""id"":1326101001,""w"":400,""num"":1},{""id"":1903100001,""w"":1050,""num"":2},{""id"":1301001001,""w"":650,""num"":1},{""id"":1903400001,""w"":800,""num"":1}]",,,,,,1,,,
1600000011,,,,,,,,"[{""id"":1401100002,""w"":40,""num"":1},{""id"":1401200002,""w"":40,""num"":1},{""id"":1400100003,""w"":100,""num"":1},{""id"":1316101003,""w"":60,""num"":1},{""id"":1326101003,""w"":60,""num"":1},{""id"":1400500001,""w"":500,""num"":2},{""id"":1400200002,""w"":200,""num"":1},{""id"":1400300002,""w"":200,""num"":1},{""id"":1401100001,""w"":300,""num"":1},{""id"":1401200001,""w"":300,""num"":1},{""id"":1400200001,""w"":600,""num"":2},{""id"":1400300001,""w"":600,""num"":2},{""id"":1400100002,""w"":1000,""num"":1},{""id"":1316101002,""w"":700,""num"":1},{""id"":1326101002,""w"":700,""num"":1},{""id"":1400100001,""w"":3600,""num"":2},{""id"":1903400001,""w"":1000,""num"":1}]",,,,,,1,,,
1600000112,,,,,,,,"[{""id"":1131100033,""w"":0,""num"":1},{""id"":1401100002,""w"":50,""num"":1},{""id"":1401200002,""w"":50,""num"":1},{""id"":1400100003,""w"":100,""num"":1},{""id"":1316101003,""w"":100,""num"":1},{""id"":1326101003,""w"":100,""num"":1},{""id"":1400500001,""w"":600,""num"":2},{""id"":1400200002,""w"":200,""num"":1},{""id"":1400300002,""w"":200,""num"":1},{""id"":1401100001,""w"":400,""num"":1},{""id"":1401200001,""w"":400,""num"":1},{""id"":1400200001,""w"":600,""num"":2},{""id"":1400300001,""w"":600,""num"":2},{""id"":1400100002,""w"":900,""num"":1},{""id"":1316101002,""w"":650,""num"":1},{""id"":1326101002,""w"":650,""num"":1},{""id"":1400100001,""w"":3160,""num"":2},{""id"":1301001002,""w"":200,""num"":1},{""id"":1903400001,""w"":1000,""num"":1}]",,,,,,1,,,
1600000212,,,,,,,,"[{""id"":1131200033,""w"":0,""num"":1},{""id"":1401100002,""w"":50,""num"":1},{""id"":1401200002,""w"":50,""num"":1},{""id"":1400100003,""w"":100,""num"":1},{""id"":1316101003,""w"":100,""num"":1},{""id"":1326101003,""w"":100,""num"":1},{""id"":1400500001,""w"":600,""num"":2},{""id"":1400200002,""w"":200,""num"":1},{""id"":1400300002,""w"":200,""num"":1},{""id"":1401100001,""w"":400,""num"":1},{""id"":1401200001,""w"":400,""num"":1},{""id"":1400200001,""w"":600,""num"":2},{""id"":1400300001,""w"":600,""num"":2},{""id"":1400100002,""w"":900,""num"":1},{""id"":1316101002,""w"":650,""num"":1},{""id"":1326101002,""w"":650,""num"":1},{""id"":1400100001,""w"":3160,""num"":2},{""id"":1301001002,""w"":200,""num"":1},{""id"":1903400001,""w"":1000,""num"":1}]",,,,,,1,,,
1600000412,,,,,,,,"[{""id"":1131400033,""w"":0,""num"":1},{""id"":1401100002,""w"":50,""num"":1},{""id"":1401200002,""w"":50,""num"":1},{""id"":1400100003,""w"":100,""num"":1},{""id"":1316101003,""w"":100,""num"":1},{""id"":1326101003,""w"":100,""num"":1},{""id"":1400500001,""w"":600,""num"":2},{""id"":1400200002,""w"":200,""num"":1},{""id"":1400300002,""w"":200,""num"":1},{""id"":1401100001,""w"":400,""num"":1},{""id"":1401200001,""w"":400,""num"":1},{""id"":1400200001,""w"":600,""num"":2},{""id"":1400300001,""w"":600,""num"":2},{""id"":1400100002,""w"":900,""num"":1},{""id"":1316101002,""w"":650,""num"":1},{""id"":1326101002,""w"":650,""num"":1},{""id"":1400100001,""w"":3160,""num"":2},{""id"":1301001002,""w"":200,""num"":1},{""id"":1903400001,""w"":1000,""num"":1}]",,,,,,1,,,
2000001999,,,,,,,,"[{""id"":702501,""w"":1,""num"":1},{""id"":702601,""w"":1,""num"":1},{""id"":702701,""w"":1,""num"":1},{""id"":702801,""w"":1,""num"":1},{""id"":702901,""w"":1,""num"":1},{""id"":703001,""w"":1,""num"":1},{""id"":703101,""w"":1,""num"":1},{""id"":703201,""w"":1,""num"":1},{""id"":703301,""w"":1,""num"":1},{""id"":703401,""w"":1,""num"":1},{""id"":703501,""w"":1,""num"":1},{""id"":703601,""w"":1,""num"":1},{""id"":703701,""w"":1,""num"":1},{""id"":703801,""w"":1,""num"":1},{""id"":703901,""w"":1,""num"":1},{""id"":704001,""w"":1,""num"":1},{""id"":704101,""w"":1,""num"":1},{""id"":704201,""w"":1,""num"":1},{""id"":704301,""w"":1,""num"":1},{""id"":704401,""w"":1,""num"":1},{""id"":704501,""w"":1,""num"":1},{""id"":704601,""w"":1,""num"":1},{""id"":704701,""w"":1,""num"":1},{""id"":704801,""w"":1,""num"":1},{""id"":704901,""w"":1,""num"":1},{""id"":705001,""w"":1,""num"":1},{""id"":705101,""w"":1,""num"":1},{""id"":705201,""w"":1,""num"":1},{""id"":705301,""w"":1,""num"":1}]",,,,,,29,,3星以上神灵,
2000001003,,,,,,,,"[{""id"":704901,""w"":1,""num"":1}]",,,,,,1,,雅典娜神灵包,
2000001004,,,,,,,,"[{""id"":800101,""w"":600,""num"":1},{""id"":800201,""w"":300,""num"":1},{""id"":800301,""w"":100,""num"":1}]",,,,,,1,,经验兽随机包,
2000001005,,,,,,,,"[{""id"":703101,""w"":800,""num"":1},{""id"":703501,""w"":200,""num"":1}]",,,,,,1,,回归神灵随机包,
2000001006,,,,,,,,"[{""id"":703101,""w"":200,""num"":1},{""id"":703501,""w"":800,""num"":1}]",,,,,,1,,回归神灵随机包,
2000001007,,,,,,,,"[{""id"":800401,""w"":1,""num"":5}]",,,,,,1,,红色神灵经验兽,
2000001008,,,,,,,,"[{""id"":800501,""w"":1,""num"":5}]",,,,,,1,,橙色神灵经验兽,
2000001009,,,,,,,,"[{""id"":800301,""w"":1,""num"":1}]",,,,,,1,,紫色神灵经验兽包,
2000001010,,,,,,,,"[{""id"":800401,""w"":1,""num"":1}]",,,,,,1,,红色神灵经验兽包,
2000001011,,,,,,,,"[{""id"":705101,""w"":1,""num"":1}]",,,,,,1,,宙斯神灵包,
1301011011,"[50000,50000]",,,,,,,,,,,,,,,5W金币,
1301011012,"[200000,200000]",,,,,,,,,,,,,,,20W金币,
1301011013,"[500000,500000]",,,,,,,,,,,,,,,50W金币,
1301011014,"[1000000,1000000]",,,,,,,,,,,,,,,100W金币,
1301011015,"[400000,400000]",,,,,,,,,,,,,,,团购40W金币,
1301011016,"[600000,600000]",,,,,,,,,,,,,,,团购60W金币,
1301001001,"[200000,200000]",,,,,,,,,,,,,,,20W金币,
1301001002,"[1000000,1000000]",,,,,,,,,,,,,,,100W金币,
1300401011,,,,,,"[100,100]",,,,,,,,,,100体力果,
1300411001,,,,,,"[10,10]",,,,,,,,,,,
200001,"[42000,42000]",,,,,,,"[{""id"":1601000001,""w"":600,""num"":1}]",,,,,,1,,试炼第1层奖励,
200002,"[44000,44000]",,,,,,,"[{""id"":1601000001,""w"":600,""num"":2}]",,,,,,1,,试炼第2层奖励,
200003,"[46000,46000]",,,,,,,"[{""id"":1601000001,""w"":600,""num"":3}]",,,,,,1,,试炼第3层奖励,
200004,"[48000,48000]",,,,,,,"[{""id"":1601000001,""w"":600,""num"":4}]",,,,,,1,,试炼第4层奖励,
200005,"[50000,50000]",,,,,,,"[{""id"":1601000001,""w"":600,""num"":5}]",,,,,,1,,试炼第5层奖励,
200006,"[52000,52000]",,,,,,,"[{""id"":1601000001,""w"":600,""num"":6}]",,,,,,1,,试炼第6层奖励,
200007,"[54000,54000]",,,,,,,"[{""id"":1601000001,""w"":600,""num"":7}]",,,,,,1,,试炼第7层奖励,
200008,"[56000,56000]",,,,,,,"[{""id"":1601000001,""w"":600,""num"":8}]",,,,,,1,,试炼第8层奖励,
200009,"[58000,58000]",,,,,,,"[{""id"":1601000001,""w"":600,""num"":9}]",,,,,,1,,试炼第9层奖励,
200010,"[60000,60000]",,,,,,,"[{""id"":1601000001,""w"":600,""num"":10},{""id"":1602000001,""w"":300,""num"":1}]",,,,,,2,,试炼第10层奖励,
200011,"[62000,62000]",,,,,,,"[{""id"":1601000001,""w"":600,""num"":11},{""id"":1602000001,""w"":300,""num"":1}]",,,,,,2,,试炼第11层奖励,
200012,"[64000,64000]",,,,,,,"[{""id"":1601000001,""w"":600,""num"":12},{""id"":1602000001,""w"":300,""num"":1}]",,,,,,2,,试炼第12层奖励,
200013,"[66000,66000]",,,,,,,"[{""id"":1601000001,""w"":600,""num"":13},{""id"":1602000001,""w"":300,""num"":1}]",,,,,,2,,试炼第13层奖励,
200014,"[68000,68000]",,,,,,,"[{""id"":1601000001,""w"":600,""num"":14},{""id"":1602000001,""w"":300,""num"":1}]",,,,,,2,,试炼第14层奖励,
200015,"[70000,70000]",,,,,,,"[{""id"":1601000001,""w"":600,""num"":15},{""id"":1602000001,""w"":300,""num"":1}]",,,,,,2,,试炼第15层奖励,
200016,"[72000,72000]",,,,,,,"[{""id"":1601000001,""w"":600,""num"":16},{""id"":1602000001,""w"":300,""num"":1}]",,,,,,2,,试炼第16层奖励,
200017,"[74000,74000]",,,,,,,"[{""id"":1601000001,""w"":600,""num"":17},{""id"":1602000001,""w"":300,""num"":1}]",,,,,,2,,试炼第17层奖励,
200018,"[76000,76000]",,,,,,,"[{""id"":1601000001,""w"":600,""num"":18},{""id"":1602000001,""w"":300,""num"":1}]",,,,,,2,,试炼第18层奖励,
200019,"[78000,78000]",,,,,,,"[{""id"":1601000001,""w"":600,""num"":19},{""id"":1602000001,""w"":300,""num"":1}]",,,,,,2,,试炼第19层奖励,
200020,"[80000,80000]",,,,,,,"[{""id"":1601000001,""w"":600,""num"":20},{""id"":1602000001,""w"":300,""num"":2}]",,,,,,2,,试炼第20层奖励,
200021,"[82000,82000]",,,,,,,"[{""id"":1601000001,""w"":600,""num"":21},{""id"":1602000001,""w"":300,""num"":2}]",,,,,,2,,试炼第21层奖励,
200022,"[84000,84000]",,,,,,,"[{""id"":1601000001,""w"":600,""num"":22},{""id"":1602000001,""w"":300,""num"":2}]",,,,,,2,,试炼第22层奖励,
200023,"[86000,86000]",,,,,,,"[{""id"":1601000001,""w"":600,""num"":23},{""id"":1602000001,""w"":300,""num"":2}]",,,,,,2,,试炼第23层奖励,
200024,"[88000,88000]",,,,,,,"[{""id"":1601000001,""w"":600,""num"":24},{""id"":1602000001,""w"":300,""num"":2}]",,,,,,2,,试炼第24层奖励,
200025,"[90000,90000]",,,,,,,"[{""id"":1601000001,""w"":600,""num"":25},{""id"":1602000001,""w"":300,""num"":2}]",,,,,,2,,试炼第25层奖励,
200026,"[92000,92000]",,,,,,,"[{""id"":1601000001,""w"":600,""num"":26},{""id"":1602000001,""w"":300,""num"":2}]",,,,,,2,,试炼第26层奖励,
200027,"[94000,94000]",,,,,,,"[{""id"":1601000001,""w"":600,""num"":27},{""id"":1602000001,""w"":300,""num"":2}]",,,,,,2,,试炼第27层奖励,
200028,"[96000,96000]",,,,,,,"[{""id"":1601000001,""w"":600,""num"":28},{""id"":1602000001,""w"":300,""num"":2}]",,,,,,2,,试炼第28层奖励,
200029,"[98000,98000]",,,,,,,"[{""id"":1601000001,""w"":600,""num"":29},{""id"":1602000001,""w"":300,""num"":2}]",,,,,,2,,试炼第29层奖励,
200030,"[100000,100000]",,,,,,,"[{""id"":1601000001,""w"":600,""num"":30},{""id"":1602000001,""w"":300,""num"":3}]",,,,,,2,,试炼第30层奖励,
200031,"[102000,102000]",,,,,,,"[{""id"":1601000001,""w"":600,""num"":31},{""id"":1602000001,""w"":300,""num"":3}]",,,,,,2,,试炼第31层奖励,
200032,"[104000,104000]",,,,,,,"[{""id"":1601000001,""w"":600,""num"":32},{""id"":1602000001,""w"":300,""num"":3}]",,,,,,2,,试炼第32层奖励,
200033,"[106000,106000]",,,,,,,"[{""id"":1601000001,""w"":600,""num"":33},{""id"":1602000001,""w"":300,""num"":3}]",,,,,,2,,试炼第33层奖励,
200034,"[108000,108000]",,,,,,,"[{""id"":1601000001,""w"":600,""num"":34},{""id"":1602000001,""w"":300,""num"":3}]",,,,,,2,,试炼第34层奖励,
200035,"[110000,110000]",,,,,,,"[{""id"":1601000001,""w"":600,""num"":35},{""id"":1602000001,""w"":300,""num"":3}]",,,,,,2,,试炼第35层奖励,
200036,"[112000,112000]",,,,,,,"[{""id"":1601000001,""w"":600,""num"":36},{""id"":1602000001,""w"":300,""num"":3}]",,,,,,2,,试炼第36层奖励,
200037,"[114000,114000]",,,,,,,"[{""id"":1601000001,""w"":600,""num"":37},{""id"":1602000001,""w"":300,""num"":3}]",,,,,,2,,试炼第37层奖励,
200038,"[116000,116000]",,,,,,,"[{""id"":1601000001,""w"":600,""num"":38},{""id"":1602000001,""w"":300,""num"":3}]",,,,,,2,,试炼第38层奖励,
200039,"[118000,118000]",,,,,,,"[{""id"":1601000001,""w"":600,""num"":39},{""id"":1602000001,""w"":300,""num"":3}]",,,,,,2,,试炼第39层奖励,
200040,"[120000,120000]",,,,,,,"[{""id"":1601000001,""w"":600,""num"":40},{""id"":1602000001,""w"":300,""num"":4}]",,,,,,2,,试炼第40层奖励,
200041,"[122000,122000]",,,,,,,"[{""id"":1601000001,""w"":600,""num"":41},{""id"":1602000001,""w"":300,""num"":4}]",,,,,,2,,试炼第41层奖励,
200042,"[124000,124000]",,,,,,,"[{""id"":1601000001,""w"":600,""num"":42},{""id"":1602000001,""w"":300,""num"":4}]",,,,,,2,,试炼第42层奖励,
200043,"[126000,126000]",,,,,,,"[{""id"":1601000001,""w"":600,""num"":43},{""id"":1602000001,""w"":300,""num"":4}]",,,,,,2,,试炼第43层奖励,
200044,"[128000,128000]",,,,,,,"[{""id"":1601000001,""w"":600,""num"":44},{""id"":1602000001,""w"":300,""num"":4}]",,,,,,2,,试炼第44层奖励,
200045,"[130000,130000]",,,,,,,"[{""id"":1601000001,""w"":600,""num"":45},{""id"":1602000001,""w"":300,""num"":4}]",,,,,,2,,试炼第45层奖励,
200046,"[132000,132000]",,,,,,,"[{""id"":1601000001,""w"":600,""num"":46},{""id"":1602000001,""w"":300,""num"":4}]",,,,,,2,,试炼第46层奖励,
200047,"[134000,134000]",,,,,,,"[{""id"":1601000001,""w"":600,""num"":47},{""id"":1602000001,""w"":300,""num"":4}]",,,,,,2,,试炼第47层奖励,
200048,"[136000,136000]",,,,,,,"[{""id"":1601000001,""w"":600,""num"":48},{""id"":1602000001,""w"":300,""num"":4}]",,,,,,2,,试炼第48层奖励,
200049,"[138000,138000]",,,,,,,"[{""id"":1601000001,""w"":600,""num"":49},{""id"":1602000001,""w"":300,""num"":4}]",,,,,,2,,试炼第49层奖励,
200050,"[140000,140000]",,,,,,,"[{""id"":1601000001,""w"":600,""num"":50},{""id"":1602000001,""w"":300,""num"":5}]",,,,,,2,,试炼第50层奖励,
200051,"[142000,142000]",,,,,,,"[{""id"":1601000001,""w"":600,""num"":51},{""id"":1602000001,""w"":300,""num"":5}]",,,,,,2,,试炼第51层奖励,
200052,"[144000,144000]",,,,,,,"[{""id"":1601000001,""w"":600,""num"":52},{""id"":1602000001,""w"":300,""num"":5}]",,,,,,2,,试炼第52层奖励,
200053,"[146000,146000]",,,,,,,"[{""id"":1601000001,""w"":600,""num"":53},{""id"":1602000001,""w"":300,""num"":5}]",,,,,,2,,试炼第53层奖励,
200054,"[148000,148000]",,,,,,,"[{""id"":1601000001,""w"":600,""num"":54},{""id"":1602000001,""w"":300,""num"":5}]",,,,,,2,,试炼第54层奖励,
200055,"[150000,150000]",,,,,,,"[{""id"":1601000001,""w"":600,""num"":55},{""id"":1602000001,""w"":300,""num"":5}]",,,,,,2,,试炼第55层奖励,
200056,"[152000,152000]",,,,,,,"[{""id"":1601000001,""w"":600,""num"":56},{""id"":1602000001,""w"":300,""num"":5}]",,,,,,2,,试炼第56层奖励,
200057,"[154000,154000]",,,,,,,"[{""id"":1601000001,""w"":600,""num"":57},{""id"":1602000001,""w"":300,""num"":5}]",,,,,,2,,试炼第57层奖励,
200058,"[156000,156000]",,,,,,,"[{""id"":1601000001,""w"":600,""num"":58},{""id"":1602000001,""w"":300,""num"":5}]",,,,,,2,,试炼第58层奖励,
200059,"[158000,158000]",,,,,,,"[{""id"":1601000001,""w"":600,""num"":59},{""id"":1602000001,""w"":300,""num"":5}]",,,,,,2,,试炼第59层奖励,
200060,"[160000,160000]",,,,,,,"[{""id"":1601000001,""w"":600,""num"":60},{""id"":1602000001,""w"":300,""num"":6}]",,,,,,2,,试炼第60层奖励,
200061,"[162000,162000]",,,,,,,"[{""id"":1601000001,""w"":600,""num"":61},{""id"":1602000001,""w"":300,""num"":6}]",,,,,,2,,试炼第61层奖励,
200062,"[164000,164000]",,,,,,,"[{""id"":1601000001,""w"":600,""num"":62},{""id"":1602000001,""w"":300,""num"":6}]",,,,,,2,,试炼第62层奖励,
200063,"[166000,166000]",,,,,,,"[{""id"":1601000001,""w"":600,""num"":63},{""id"":1602000001,""w"":300,""num"":6}]",,,,,,2,,试炼第63层奖励,
200064,"[168000,168000]",,,,,,,"[{""id"":1601000001,""w"":600,""num"":64},{""id"":1602000001,""w"":300,""num"":6}]",,,,,,2,,试炼第64层奖励,
200065,"[170000,170000]",,,,,,,"[{""id"":1601000001,""w"":600,""num"":65},{""id"":1602000001,""w"":300,""num"":6}]",,,,,,2,,试炼第65层奖励,
200066,"[172000,172000]",,,,,,,"[{""id"":1601000001,""w"":600,""num"":66},{""id"":1602000001,""w"":300,""num"":6}]",,,,,,2,,试炼第66层奖励,
200067,"[174000,174000]",,,,,,,"[{""id"":1601000001,""w"":600,""num"":67},{""id"":1602000001,""w"":300,""num"":6}]",,,,,,2,,试炼第67层奖励,
200068,"[176000,176000]",,,,,,,"[{""id"":1601000001,""w"":600,""num"":68},{""id"":1602000001,""w"":300,""num"":6}]",,,,,,2,,试炼第68层奖励,
200069,"[178000,178000]",,,,,,,"[{""id"":1601000001,""w"":600,""num"":69},{""id"":1602000001,""w"":300,""num"":6}]",,,,,,2,,试炼第69层奖励,
200070,"[180000,180000]",,,,,,,"[{""id"":1601000001,""w"":600,""num"":70},{""id"":1602000001,""w"":300,""num"":7}]",,,,,,2,,试炼第70层奖励,
200071,"[182000,182000]",,,,,,,"[{""id"":1601000001,""w"":600,""num"":71},{""id"":1602000001,""w"":300,""num"":7}]",,,,,,2,,试炼第71层奖励,
200072,"[184000,184000]",,,,,,,"[{""id"":1601000001,""w"":600,""num"":72},{""id"":1602000001,""w"":300,""num"":7}]",,,,,,2,,试炼第72层奖励,
200073,"[186000,186000]",,,,,,,"[{""id"":1601000001,""w"":600,""num"":73},{""id"":1602000001,""w"":300,""num"":7}]",,,,,,2,,试炼第73层奖励,
200074,"[188000,188000]",,,,,,,"[{""id"":1601000001,""w"":600,""num"":74},{""id"":1602000001,""w"":300,""num"":7}]",,,,,,2,,试炼第74层奖励,
200075,"[190000,190000]",,,,,,,"[{""id"":1601000001,""w"":600,""num"":75},{""id"":1602000001,""w"":300,""num"":7}]",,,,,,2,,试炼第75层奖励,
200076,"[192000,192000]",,,,,,,"[{""id"":1601000001,""w"":600,""num"":76},{""id"":1602000001,""w"":300,""num"":7}]",,,,,,2,,试炼第76层奖励,
200077,"[194000,194000]",,,,,,,"[{""id"":1601000001,""w"":600,""num"":77},{""id"":1602000001,""w"":300,""num"":7}]",,,,,,2,,试炼第77层奖励,
200078,"[196000,196000]",,,,,,,"[{""id"":1601000001,""w"":600,""num"":78},{""id"":1602000001,""w"":300,""num"":7}]",,,,,,2,,试炼第78层奖励,
200079,"[198000,198000]",,,,,,,"[{""id"":1601000001,""w"":600,""num"":79},{""id"":1602000001,""w"":300,""num"":7}]",,,,,,2,,试炼第79层奖励,
200080,"[200000,200000]",,,,,,,"[{""id"":1601000001,""w"":600,""num"":80},{""id"":1602000001,""w"":300,""num"":8}]",,,,,,2,,试炼第80层奖励,
200081,"[202000,202000]",,,,,,,"[{""id"":1601000001,""w"":600,""num"":81},{""id"":1602000001,""w"":300,""num"":8}]",,,,,,2,,试炼第81层奖励,
200082,"[204000,204000]",,,,,,,"[{""id"":1601000001,""w"":600,""num"":82},{""id"":1602000001,""w"":300,""num"":8}]",,,,,,2,,试炼第82层奖励,
200083,"[206000,206000]",,,,,,,"[{""id"":1601000001,""w"":600,""num"":83},{""id"":1602000001,""w"":300,""num"":8}]",,,,,,2,,试炼第83层奖励,
200084,"[208000,208000]",,,,,,,"[{""id"":1601000001,""w"":600,""num"":84},{""id"":1602000001,""w"":300,""num"":8}]",,,,,,2,,试炼第84层奖励,
200085,"[210000,210000]",,,,,,,"[{""id"":1601000001,""w"":600,""num"":85},{""id"":1602000001,""w"":300,""num"":8}]",,,,,,2,,试炼第85层奖励,
200086,"[212000,212000]",,,,,,,"[{""id"":1601000001,""w"":600,""num"":86},{""id"":1602000001,""w"":300,""num"":8}]",,,,,,2,,试炼第86层奖励,
200087,"[214000,214000]",,,,,,,"[{""id"":1601000001,""w"":600,""num"":87},{""id"":1602000001,""w"":300,""num"":8}]",,,,,,2,,试炼第87层奖励,
200088,"[216000,216000]",,,,,,,"[{""id"":1601000001,""w"":600,""num"":88},{""id"":1602000001,""w"":300,""num"":8}]",,,,,,2,,试炼第88层奖励,
200089,"[218000,218000]",,,,,,,"[{""id"":1601000001,""w"":600,""num"":89},{""id"":1602000001,""w"":300,""num"":8}]",,,,,,2,,试炼第89层奖励,
200090,"[220000,220000]",,,,,,,"[{""id"":1601000001,""w"":600,""num"":90},{""id"":1602000001,""w"":300,""num"":9}]",,,,,,2,,试炼第90层奖励,
200091,"[222000,222000]",,,,,,,"[{""id"":1601000001,""w"":600,""num"":91},{""id"":1602000001,""w"":300,""num"":9}]",,,,,,2,,试炼第91层奖励,
200092,"[224000,224000]",,,,,,,"[{""id"":1601000001,""w"":600,""num"":92},{""id"":1602000001,""w"":300,""num"":9}]",,,,,,2,,试炼第92层奖励,
200093,"[226000,226000]",,,,,,,"[{""id"":1601000001,""w"":600,""num"":93},{""id"":1602000001,""w"":300,""num"":9}]",,,,,,2,,试炼第93层奖励,
200094,"[228000,228000]",,,,,,,"[{""id"":1601000001,""w"":600,""num"":94},{""id"":1602000001,""w"":300,""num"":9}]",,,,,,2,,试炼第94层奖励,
200095,"[230000,230000]",,,,,,,"[{""id"":1601000001,""w"":600,""num"":95},{""id"":1602000001,""w"":300,""num"":9}]",,,,,,2,,试炼第95层奖励,
200096,"[232000,232000]",,,,,,,"[{""id"":1601000001,""w"":600,""num"":96},{""id"":1602000001,""w"":300,""num"":9}]",,,,,,2,,试炼第96层奖励,
200097,"[234000,234000]",,,,,,,"[{""id"":1601000001,""w"":600,""num"":97},{""id"":1602000001,""w"":300,""num"":9}]",,,,,,2,,试炼第97层奖励,
200098,"[236000,236000]",,,,,,,"[{""id"":1601000001,""w"":600,""num"":98},{""id"":1602000001,""w"":300,""num"":9}]",,,,,,2,,试炼第98层奖励,
200099,"[238000,238000]",,,,,,,"[{""id"":1601000001,""w"":600,""num"":99},{""id"":1602000001,""w"":300,""num"":9}]",,,,,,2,,试炼第99层奖励,
200100,"[240000,240000]",,,,,,,"[{""id"":1601000001,""w"":600,""num"":100},{""id"":1602000001,""w"":300,""num"":10}]",,,,,,2,,试炼第100层奖励,
210001,"[60000,60000]",,,,,,,"[{""id"":1601000001,""w"":600,""num"":10},{""id"":1602000001,""w"":300,""num"":5}]",,,,,,2,,试炼5层目标奖励,
210002,"[80000,80000]",,,,,,,"[{""id"":1601000001,""w"":600,""num"":20},{""id"":1602000001,""w"":300,""num"":6}]",,,,,,2,,试炼10层目标奖励,
210003,"[100000,100000]",,,,,,,"[{""id"":1601000001,""w"":600,""num"":30},{""id"":1602000001,""w"":300,""num"":7}]",,,,,,2,,试炼15层目标奖励,
210004,"[120000,120000]",,,,,,,"[{""id"":1601000001,""w"":600,""num"":40},{""id"":1602000001,""w"":300,""num"":8}]",,,,,,2,,试炼20层目标奖励,
210005,"[140000,140000]",,,,,,,"[{""id"":1601000001,""w"":600,""num"":50},{""id"":1602000001,""w"":300,""num"":9}]",,,,,,2,,试炼25层目标奖励,
210006,"[160000,160000]",,,,,,,"[{""id"":1601000001,""w"":600,""num"":60},{""id"":1602000001,""w"":300,""num"":10}]",,,,,,2,,试炼30层目标奖励,
210007,"[180000,180000]",,,,,,,"[{""id"":1601000001,""w"":600,""num"":70},{""id"":1602000001,""w"":300,""num"":11}]",,,,,,2,,试炼35层目标奖励,
210008,"[200000,200000]",,,,,,,"[{""id"":1601000001,""w"":600,""num"":80},{""id"":1602000001,""w"":300,""num"":12}]",,,,,,2,,试炼40层目标奖励,
210009,"[225000,225000]",,,,,,,"[{""id"":1601000001,""w"":600,""num"":90},{""id"":1602000001,""w"":300,""num"":13}]",,,,,,2,,试炼45层目标奖励,
210010,"[250000,250000]",,,,,,,"[{""id"":1601000001,""w"":600,""num"":100},{""id"":1602000001,""w"":300,""num"":14}]",,,,,,2,,试炼50层目标奖励,
210011,"[275000,275000]",,,,,,,"[{""id"":1601000001,""w"":600,""num"":110},{""id"":1602000001,""w"":300,""num"":15}]",,,,,,2,,试炼55层目标奖励,
210012,"[300000,300000]",,,,,,,"[{""id"":1601000001,""w"":600,""num"":120},{""id"":1602000001,""w"":300,""num"":16}]",,,,,,2,,试炼60层目标奖励,
210013,"[325000,325000]",,,,,,,"[{""id"":1601000001,""w"":600,""num"":130},{""id"":1602000001,""w"":300,""num"":17}]",,,,,,2,,试炼65层目标奖励,
210014,"[350000,350000]",,,,,,,"[{""id"":1601000001,""w"":600,""num"":140},{""id"":1602000001,""w"":300,""num"":18}]",,,,,,2,,试炼70层目标奖励,
210015,"[375000,375000]",,,,,,,"[{""id"":1601000001,""w"":600,""num"":150},{""id"":1602000001,""w"":300,""num"":19}]",,,,,,2,,试炼75层目标奖励,
210016,"[400000,400000]",,,,,,,"[{""id"":1601000001,""w"":600,""num"":160},{""id"":1602000001,""w"":300,""num"":20}]",,,,,,2,,试炼80层目标奖励,
210017,"[425000,425000]",,,,,,,"[{""id"":1601000001,""w"":600,""num"":170},{""id"":1602000001,""w"":300,""num"":21}]",,,,,,2,,试炼85层目标奖励,
210018,"[450000,450000]",,,,,,,"[{""id"":1601000001,""w"":600,""num"":180},{""id"":1602000001,""w"":300,""num"":22}]",,,,,,2,,试炼90层目标奖励,
210019,"[475000,475000]",,,,,,,"[{""id"":1601000001,""w"":600,""num"":190},{""id"":1602000001,""w"":300,""num"":23}]",,,,,,2,,试炼95层目标奖励,
210020,"[500000,500000]",,,,,,,"[{""id"":1601000001,""w"":600,""num"":200},{""id"":1602000001,""w"":300,""num"":24}]",,,,,,2,,试炼100层目标奖励,
220001,"[2000000,2000000]",,,,,,,"[{""id"":1601000001,""w"":600,""num"":200},{""id"":1602000001,""w"":300,""num"":40}]",,,,,,2,,试炼排行第1名奖励,
220002,"[1800000,1800000]",,,,,,,"[{""id"":1601000001,""w"":600,""num"":180},{""id"":1602000001,""w"":300,""num"":35}]",,,,,,2,,试炼排行第2名奖励,
220003,"[1600000,1600000]",,,,,,,"[{""id"":1601000001,""w"":600,""num"":160},{""id"":1602000001,""w"":300,""num"":30}]",,,,,,2,,试炼排行第3名奖励,
220004,"[1400000,1400000]",,,,,,,"[{""id"":1601000001,""w"":600,""num"":140},{""id"":1602000001,""w"":300,""num"":26}]",,,,,,2,,试炼排行第4-10名奖励,
220005,"[1250000,1250000]",,,,,,,"[{""id"":1601000001,""w"":600,""num"":125},{""id"":1602000001,""w"":300,""num"":22}]",,,,,,2,,试炼排行第11-20名奖励,
220006,"[1100000,1100000]",,,,,,,"[{""id"":1601000001,""w"":600,""num"":110},{""id"":1602000001,""w"":300,""num"":19}]",,,,,,2,,试炼排行第21-50名奖励,
220007,"[950000,950000]",,,,,,,"[{""id"":1601000001,""w"":600,""num"":95},{""id"":1602000001,""w"":300,""num"":16}]",,,,,,2,,试炼排行第51-100名奖励,
220008,"[800000,800000]",,,,,,,"[{""id"":1601000001,""w"":600,""num"":80},{""id"":1602000001,""w"":300,""num"":13}]",,,,,,2,,试炼排行第101-300名奖励,
220009,"[650000,650000]",,,,,,,"[{""id"":1601000001,""w"":600,""num"":65},{""id"":1602000001,""w"":300,""num"":10}]",,,,,,2,,试炼排行第301-500名奖励,
220010,"[500000,500000]",,,,,,,"[{""id"":1601000001,""w"":600,""num"":50},{""id"":1602000001,""w"":300,""num"":8}]",,,,,,2,,试炼排行第501名以上奖励,
300001,,,,"[40000,40000]",,,,"[{""id"":1601010001,""w"":0,""num"":1},{""id"":1401100001,""w"":12,""num"":15},{""id"":1316101003,""w"":10,""num"":6},{""id"":1400300001,""w"":20,""num"":20}]",,,,,,3,,百战成神冠军,
300002,,,,"[30000,30000]",,,,"[{""id"":1601010002,""w"":0,""num"":1},{""id"":1401100001,""w"":12,""num"":12},{""id"":1316101003,""w"":10,""num"":5},{""id"":1400300001,""w"":20,""num"":16}]",,,,,,3,,百战成神亚军,
300003,,,,"[24000,24000]",,,,"[{""id"":1601010003,""w"":0,""num"":1},{""id"":1401100001,""w"":12,""num"":10},{""id"":1316101003,""w"":10,""num"":4},{""id"":1400300001,""w"":20,""num"":13}]",,,,,,3,,百战成神季军,
300004,,,,"[20000,20000]",,,,"[{""id"":1401100001,""w"":12,""num"":9},{""id"":1316101002,""w"":10,""num"":12},{""id"":1400300001,""w"":20,""num"":11}]",,,,,,3,,百战成神4强,
300005,,,,"[18000,18000]",,,,"[{""id"":1401100001,""w"":12,""num"":8},{""id"":1316101002,""w"":10,""num"":10},{""id"":1400300001,""w"":20,""num"":10}]",,,,,,3,,百战成神5~8名,
300006,,,,"[16000,16000]",,,,"[{""id"":1401100001,""w"":12,""num"":7},{""id"":1316101002,""w"":10,""num"":9},{""id"":1400300001,""w"":20,""num"":9}]",,,,,,3,,百战成神9~16名,
300007,,,,"[14000,14000]",,,,"[{""id"":1401100001,""w"":12,""num"":6},{""id"":1316101002,""w"":10,""num"":8},{""id"":1400300001,""w"":20,""num"":8}]",,,,,,3,,百战成神17~32名,
300008,,,,"[12000,12000]",,,,"[{""id"":1401100001,""w"":12,""num"":5},{""id"":1316101002,""w"":10,""num"":7},{""id"":1400300001,""w"":20,""num"":7}]",,,,,,3,,百战成神33~64名,
310001,,,,"[6000,6000]",,,,"[{""id"":1401100001,""w"":12,""num"":2}]",,,,,,1,,百战成神支持380积分,
310002,,,,,,,,"[{""id"":1401100001,""w"":12,""num"":1},{""id"":1316101003,""w"":10,""num"":2},{""id"":1400300001,""w"":20,""num"":2}]",,,,,,3,,百战成神支持340积分,
310003,,,,,,,,"[{""id"":1316101003,""w"":10,""num"":3},{""id"":1400300001,""w"":20,""num"":3}]",,,,,,2,,百战成神支持300积分,
310004,,,,"[4000,4000]",,,,"[{""id"":1401100001,""w"":12,""num"":1}]",,,,,,1,,百战成神支持250积分,
310005,,,,,,,,"[{""id"":1401100001,""w"":12,""num"":1},{""id"":1316101002,""w"":10,""num"":1},{""id"":1400300001,""w"":20,""num"":1}]",,,,,,3,,百战成神支持200积分,
310006,,,,"[2000,2000]",,,,"[{""id"":1316101002,""w"":10,""num"":1},{""id"":1400300001,""w"":20,""num"":1}]",,,,,,2,,百战成神支持100积分,
1303301001,"[10000,10000]",,,,,,,"[{""id"":1403400001,""w"":10,""num"":10},{""id"":1403400001,""w"":40,""num"":8},{""id"":800101,""w"":10,""num"":1},{""id"":1403100001,""w"":20,""num"":1},{""id"":1403200001,""w"":20,""num"":1}]",,,,,,1,,神墟宝箱,
1303301002,"[20000,20000]",,,,,,,"[{""id"":1403400001,""w"":10,""num"":12},{""id"":1403400001,""w"":40,""num"":12},{""id"":800102,""w"":10,""num"":1},{""id"":1403100001,""w"":20,""num"":1},{""id"":1403200001,""w"":20,""num"":1}]",,,,,,1,,神墟宝箱,
1303301003,"[30000,30000]",,,,,,,"[{""id"":1403400001,""w"":10,""num"":14},{""id"":1403400001,""w"":40,""num"":16},{""id"":800201,""w"":10,""num"":1},{""id"":1403100001,""w"":20,""num"":1},{""id"":1403200001,""w"":20,""num"":1}]",,,,,,1,,神墟宝箱,
1303301004,"[40000,40000]",,,,,,,"[{""id"":1403400001,""w"":10,""num"":16},{""id"":1403400001,""w"":40,""num"":20},{""id"":800202,""w"":10,""num"":1},{""id"":1403100001,""w"":20,""num"":1},{""id"":1403200001,""w"":20,""num"":1}]",,,,,,1,,神墟宝箱,
1303301005,"[50000,50000]",,,,,,,"[{""id"":1403400001,""w"":10,""num"":18},{""id"":1403400001,""w"":40,""num"":25},{""id"":800203,""w"":10,""num"":1},{""id"":1403100001,""w"":20,""num"":2},{""id"":1403200001,""w"":20,""num"":2}]",,,,,,1,,神墟宝箱,
1303301006,"[60000,60000]",,,,,,,"[{""id"":1403400001,""w"":10,""num"":20},{""id"":1403400001,""w"":45,""num"":25},{""id"":800301,""w"":10,""num"":1},{""id"":800302,""w"":5,""num"":1},{""id"":1403100001,""w"":15,""num"":3},{""id"":1403200001,""w"":15,""num"":3}]",,,,,,1,,神墟宝箱,
1303301007,"[70000,70000]",,,,,,,"[{""id"":1403400001,""w"":8,""num"":24},{""id"":1403400001,""w"":40,""num"":30},{""id"":800302,""w"":10,""num"":1},{""id"":800303,""w"":2,""num"":1},{""id"":1403100002,""w"":15,""num"":3},{""id"":1403200002,""w"":15,""num"":3},{""id"":1403100002,""w"":5,""num"":1},{""id"":1403200002,""w"":5,""num"":1}]",,,,,,1,,神墟宝箱,
1303301008,"[80000,80000]",,,,,,,"[{""id"":1403400001,""w"":8,""num"":24},{""id"":1403400001,""w"":40,""num"":35},{""id"":800303,""w"":10,""num"":1},{""id"":800304,""w"":2,""num"":1},{""id"":1403100002,""w"":15,""num"":1},{""id"":1403200002,""w"":15,""num"":1},{""id"":1403100002,""w"":5,""num"":2},{""id"":1403200002,""w"":5,""num"":2}]",,,,,,1,,神墟宝箱,
