id,trigger,condition,todo,remark
*uint,jsondata,jsondata,jsondata,
#,触发条件,限制条件,执行,备注
1001,"{""SEnterScene"":1000}","{""CurTask"":100000}",[1001],
100101,"{""EnterScene"":1000}","{""CurTask"":100000}",[100002],
100102,"{""MovieDone"":100001}",,[100002],
100103,"{""TaskDone"":100001}",,[100003],
100104,"{""TaskDone"":100002}",,[100004],
100105,"{""TaskDone"":100003}",,[100005],
100106,"{""TaskDone"":100004}",,[100006],
100107,"{""TaskDone"":100005}",,[100007],
100108,"{""TaskDone"":100006}",,"[100008,400001]",
100109,"{""TaskDone"":100007}",,[100009],
100110,"{""TaskDone"":100008}",,[100010],
100111,"{""TaskDone"":100009}",,[100011],
100112,"{""TaskDone"":100010}",,[100012],
100113,"{""TaskDone"":100011}",,[100013],
100114,"{""TaskDone"":100012}",,[100014],
100115,"{""TaskDone"":100013}",,[100015],
100116,"{""TaskDone"":100014}",,[100016],
100117,"{""TaskDone"":100015}",,[100017],
100118,"{""TaskDone"":100016}",,[100201],
100201,"{""TaskDone"":100201}",,[100202],
100202,"{""TaskDone"":100202}",,[100203],
100203,"{""TaskDone"":100203}",,[100204],
100204,"{""TaskDone"":100204}",,[100205],
100205,"{""TaskDone"":100205}",,[100206],
100206,"{""TaskDone"":100206}",,[100207],
100207,"{""TaskDone"":100207}",,[100208],
100208,"{""TaskDone"":100208}",,[100209],
100209,"{""TaskDone"":100209}",,[100210],
100210,"{""TaskDone"":100210}",,[100211],
100211,"{""TaskDone"":100211}",,[100212],
100212,"{""TaskDone"":100212}",,[100213],
100213,"{""TaskDone"":100213}",,[100214],
100214,"{""TaskDone"":100214}",,[100215],
100215,"{""TaskDone"":100215}",,[100216],
100216,"{""TaskDone"":100216}",,[100217],
100217,"{""TaskDone"":100217}",,[100218],
100218,"{""TaskDone"":100218}",,[100219],
100219,"{""TaskDone"":100219}",,[100220],
100220,"{""TaskDone"":100220}",,[100221],
100221,"{""TaskDone"":100221}",,[100222],
100222,"{""TaskDone"":100222}",,[100223],
100223,"{""TaskDone"":100223}",,[100224],
100224,"{""TaskDone"":100224}",,[100225],
100225,"{""TaskDone"":100225}",,[100226],
100226,"{""TaskDone"":100226}",,[100227],
100227,"{""TaskDone"":100227}",,[100228],
100228,"{""TaskDone"":100228}",,[100229],
100229,"{""TaskDone"":100229}",,[100230],
100230,"{""TaskDone"":100230}",,[100301],
100301,"{""TaskDone"":100301}",,[100302],
#110301,"{""LevelChange"":0}","{""CurTaskLevelLimit"":100301,""LevelMore"":25}",[100301],
100302,"{""TaskDone"":100302}",,[100303],
100303,"{""TaskDone"":100303}",,[100304],
100304,"{""TaskDone"":100304}",,[100305],
100305,"{""TaskDone"":100305}",,[100306],
100306,"{""TaskDone"":100306}",,[100307],
100307,"{""TaskDone"":100307}",,[100308],
100308,"{""TaskDone"":100308}",,[100309],
100309,"{""TaskDone"":100309}",,[100310],
100310,"{""TaskDone"":100310}",,[100311],
100311,"{""TaskDone"":100311}",,[100312],
100312,"{""TaskDone"":100312}",,[100313],
100313,"{""TaskDone"":100313}",,[100314],
100314,"{""TaskDone"":100314}",,[100315],
100315,"{""TaskDone"":100315}",,[100316],
100316,"{""TaskDone"":100316}",,[100317],
100317,"{""TaskDone"":100317}",,[100318],
100318,"{""TaskDone"":100318}",,[100319],
100319,"{""TaskDone"":100319}",,[100320],
100320,"{""TaskDone"":100320}",,[100321],
100321,"{""TaskDone"":100321}",,[100322],
100322,"{""TaskDone"":100322}",,[100323],
100323,"{""TaskDone"":100323}",,[100324],
100324,"{""TaskDone"":100324}",,[100325],
100325,"{""TaskDone"":100325}",,[100326],
100326,"{""TaskDone"":100326}",,[100327],
100327,"{""TaskDone"":100327}",,[100328],
100328,"{""TaskDone"":100328}",,[100329],
100329,"{""TaskDone"":100329}",,[100330],
100330,"{""TaskDone"":100330}",,[100331],
100331,"{""TaskDone"":100331}",,[100332],
100332,"{""TaskDone"":100332}",,[100401],
#110332,"{""LevelChange"":0}","{""CurTaskLevelLimit"":100401,""LevelMore"":35}",[100401],
100401,"{""TaskDone"":100401}",,[100402],
100402,"{""TaskDone"":100402}",,[100403],
100403,"{""TaskDone"":100403}",,[100404],
100404,"{""TaskDone"":100404}",,[100405],
100405,"{""TaskDone"":100405}",,[100406],
100406,"{""TaskDone"":100406}",,[100407],
100407,"{""TaskDone"":100407}",,[100408],
100408,"{""TaskDone"":100408}",,[100409],
100409,"{""TaskDone"":100409}",,[100410],
100410,"{""TaskDone"":100410}",,[100411],
100411,"{""TaskDone"":100411}",,[100412],
100412,"{""TaskDone"":100412}",,[100413],
100413,"{""TaskDone"":100413}",,[100414],
100414,"{""TaskDone"":100414}",,[100415],
100415,"{""TaskDone"":100415}",,[100416],
100416,"{""TaskDone"":100416}",,[100417],
100417,"{""TaskDone"":100417}",,[100418],
100418,"{""TaskDone"":100418}",,[100419],
100419,"{""TaskDone"":100419}",,[100420],
100420,"{""TaskDone"":100420}",,[100421],
100421,"{""TaskDone"":100421}",,[100422],
100422,"{""TaskDone"":100422}",,[100423],
100423,"{""TaskDone"":100423}",,[100424],
100424,"{""TaskDone"":100424}",,[100425],
100425,"{""TaskDone"":100425}",,[100426],
100426,"{""TaskDone"":100426}",,[100427],
100427,"{""TaskDone"":100427}",,[100428],
100428,"{""TaskDone"":100428}",,[100429],
100429,"{""TaskDone"":100429}",,[100430],
100430,"{""TaskDone"":100430}",,[100431],
100431,"{""TaskDone"":100431}",,[100432],
100432,"{""TaskDone"":100432}",,[100433],
100433,"{""TaskDone"":100433}",,[100434],
100434,"{""TaskDone"":100434}",,[100435],
100435,"{""TaskDone"":100435}",,[100436],
#110435,"{""LevelChange"":0}","{""CurTaskLevelLimit"":100436,""LevelMore"":40}",[100436],
100436,"{""TaskDone"":100436}",,[100501],
100501,"{""TaskDone"":100501}",,[100502],
100502,"{""TaskDone"":100502}",,[100503],
100503,"{""TaskDone"":100503}",,[100504],
100504,"{""TaskDone"":100504}",,[100505],
100505,"{""TaskDone"":100505}",,[100506],
100506,"{""TaskDone"":100506}",,[100507],
100507,"{""TaskDone"":100507}",,[100508],
100508,"{""TaskDone"":100508}",,[100509],
100509,"{""TaskDone"":100509}",,[100510],
100510,"{""TaskDone"":100510}",,[100511],
100511,"{""TaskDone"":100511}",,[100512],
100512,"{""TaskDone"":100512}",,[100513],
100513,"{""TaskDone"":100513}",,[100514],
100514,"{""TaskDone"":100514}",,[100515],
100515,"{""TaskDone"":100515}",,[100516],
100516,"{""TaskDone"":100516}",,[100517],
100517,"{""TaskDone"":100517}",,[100518],
100518,"{""TaskDone"":100518}",,[100519],
100519,"{""TaskDone"":100519}",,[100520],
100520,"{""TaskDone"":100520}",,[100521],
100521,"{""TaskDone"":100521}",,[100522],
100522,"{""TaskDone"":100522}",,[100523],
100523,"{""TaskDone"":100523}",,[100524],
100524,"{""TaskDone"":100524}",,[100525],
100525,"{""TaskDone"":100525}",,[100526],
100526,"{""TaskDone"":100526}",,[100527],
100527,"{""TaskDone"":100527}",,[100528],
100528,"{""TaskDone"":100528}",,[100529],
100529,"{""TaskDone"":100529}",,[100530],
100530,"{""TaskDone"":100530}",,[100531],
100531,"{""TaskDone"":100531}",,[100532],
100532,"{""TaskDone"":100532}",,[100601],
100601,"{""TaskDone"":100601}",,[100602],
100602,"{""TaskDone"":100602}",,[100603],
100603,"{""TaskDone"":100603}",,[100604],
100604,"{""TaskDone"":100604}",,[100605],
100605,"{""TaskDone"":100605}",,[100606],
100606,"{""TaskDone"":100606}",,[100607],
100607,"{""TaskDone"":100607}",,[100608],
100608,"{""TaskDone"":100608}",,[100609],
100609,"{""TaskDone"":100609}",,[100610],
100610,"{""TaskDone"":100610}",,[100611],
100611,"{""TaskDone"":100611}",,[100612],
100612,"{""TaskDone"":100612}",,[100613],
100613,"{""TaskDone"":100613}",,[100614],
100614,"{""TaskDone"":100614}",,[100615],
100615,"{""TaskDone"":100615}",,[100616],
100616,"{""TaskDone"":100616}",,[100617],
100617,"{""TaskDone"":100617}",,[100618],
100618,"{""TaskDone"":100618}",,[100619],
100619,"{""TaskDone"":100619}",,[100620],
100620,"{""TaskDone"":100620}",,[100621],
100621,"{""TaskDone"":100621}",,[100622],
100622,"{""TaskDone"":100622}",,[100623],
100623,"{""TaskDone"":100623}",,[100624],
100624,"{""TaskDone"":100624}",,[100625],
100625,"{""TaskDone"":100625}",,[100626],
100626,"{""TaskDone"":100626}",,[100627],
100627,"{""TaskDone"":100627}",,[100628],
100628,"{""TaskDone"":100628}",,[100629],
100629,"{""TaskDone"":100629}",,[100630],
100630,"{""TaskDone"":100630}",,[100631],
100631,"{""TaskDone"":100631}",,[100632],
100632,"{""TaskDone"":100632}",,[100633],
100701,"{""TaskDone"":100633}",,[100701],
#110701,"{""LevelChange"":0}","{""CurTaskLevelLimit"":100701,""LevelMore"":70}",[100701],
100702,"{""TaskDone"":100701}",,[100702],
100703,"{""TaskDone"":100702}",,[100703],
100704,"{""TaskDone"":100703}",,[100704],
100705,"{""TaskDone"":100704}",,[100705],
100706,"{""TaskDone"":100705}",,[100706],
100707,"{""TaskDone"":100706}",,[100707],
100708,"{""TaskDone"":100707}",,[100708],
100709,"{""TaskDone"":100708}",,[100709],
100710,"{""TaskDone"":100709}",,[100710],
100711,"{""TaskDone"":100710}",,[100711],
100712,"{""TaskDone"":100711}",,[100712],
100713,"{""TaskDone"":100712}",,[100713],
100714,"{""TaskDone"":100713}",,[100714],
100715,"{""TaskDone"":100714}",,[100715],
100716,"{""TaskDone"":100715}",,[100716],
100717,"{""TaskDone"":100716}",,[100717],
100718,"{""TaskDone"":100717}",,[100718],
100719,"{""TaskDone"":100718}",,[100719],
100720,"{""TaskDone"":100719}",,[100720],
100721,"{""TaskDone"":100720}",,[100721],
100722,"{""TaskDone"":100721}",,[100722],
100723,"{""TaskDone"":100722}",,[100723],
100724,"{""TaskDone"":100723}",,[100724],
100725,"{""TaskDone"":100724}",,[100725],
100726,"{""TaskDone"":100725}",,[100726],
100727,"{""TaskDone"":100726}",,[100727],
100728,"{""TaskDone"":100727}",,[100728],
100729,"{""TaskDone"":100728}",,[100729],
100730,"{""TaskDone"":100729}",,[100730],
100731,"{""TaskDone"":100730}",,[100731],
100732,"{""TaskDone"":100731}",,[100732],
100733,"{""TaskDone"":100732}",,[100733],
100734,"{""TaskDone"":100733}",,[100734],
100735,"{""TaskDone"":100734}",,[100735],
100736,"{""TaskDone"":100735}",,[100736],
100737,"{""TaskDone"":100736}",,[100737],
100738,"{""TaskDone"":100737}",,[100738],
100739,"{""TaskDone"":100738}",,[100739],
110739,"{""LevelChange"":0}","{""CurTaskLevelLimit"":100739,""LevelMore"":80}",[100739],
,,,,
#功能开放,,,,
#无双技开放,,,,
600206,"{""EliteMonsterBlood"":1004003}","{""BloodLess"":0.95,""FuncNotOpen"":206}",[600206],
#自动战斗开放,,,,
600207,"{""TaskDone"":100008}",,[600207],
#技能开放,,,,
600008,"{""TaskDone"":100011}",,[600008],
#剧情开放,,,,
600100,"{""TaskDone"":100014}",,[600100],
#每日必做 +社交开放+英雄殿堂,,,,
600507,"{""TaskDone"":100015}",,"[600014,600507]",
600011,"{""TaskDone"":100015}",,[600011],
601507,"{""EnterGame"":0}","{""TaskHaveDone"":100015,""FuncNotOpen"":507}",[600507],
# 每日签到,,,,
600506,"{""TaskDone"":100016}",,[600506],
#守护神开放,,,,
600009,"{""TaskDone"":100201}",,[600009],
#祭坛开放,,,,
600010,"{""TaskDone"":100204}",,[600010],
#每日任务->召唤神灵(打开祭坛界面)->神灵融合(打开神灵界面),,,,
600503,"{""TaskDone"":100208}",,[600503],
#体验vip(这里要特殊处理-在100211任务完成的时候客户端触发打开vip界面-这里要判断当前vip等级<3则添加体验按钮引导体验否则不打开界面直接触发炼魂引导),,,,
#触发发开vip或神灵界面-炼魂开放(在230251中进行判断),,,,
610251,"{""TaskDone"":100211}",,"[600401,610251]",
620251,"{""OpenUi"":1}","{""MainTaskHasDone"":100211,""GuideNotDone"":251}",[610251],
#点击领取按钮后触发开启体验vip功能,,,,
600601,"{""VipTest"":0}",,[600601],
601601,"{""VipTestDone"":0}",,[601601],
#装备锻造开放,,,,
600407,"{""TaskDone"":100212}",,"[1002,600407]",
#开启王者之路+排位赛+百战成神,,,,
600015,"{""TaskDone"":100213}",,"[600001,600015]",
600023,"{""TaskDone"":100213}",,[600023],
610023,"{""EnterGame"":0}","{""TaskHaveDone"":100213,""FuncNotOpen"":23}",[600023],
#开启探险,,,,
600602,"{""TaskDone"":100214}",,[600602],
#解封开放+探险10连抽,,,,
600408,"{""TaskDone"":100215}",,[600408],
#星魂任务,,,,
600504,"{""TaskDone"":100216}",,"[600501,600504]",
#开启联盟,,,,
600013,"{""TaskDone"":100218}",,[600013],
#深渊巢穴,,,,
600018,"{""TaskDone"":100226}",,[600018],
#炼狱+组队大厅,,,,
600016,"{""TaskDone"":100220}",,[600016],
600021,"{""TaskDone"":100220}",,[600021],
610021,"{""EnterGame"":0}","{""TaskHaveDone"":100220,""FuncNotOpen"":21}",[600021],
#镶嵌,,,,
600405,"{""TaskDone"":100301}",,[600405],
#战魔神殿,,,,
600017,"{""TaskDone"":100302}",,[600017],
#精炼 + 装备卸下,,,,
600409,"{""TaskDone"":100303}",,[600409],
#无双技,,,,
600406,"{""TaskDone"":100401}",,[600406],
#诸神之战开放,,,,
600026,"{""TaskDone"":100411}",,[600026],
601026,"{""EnterGame"":0}","{""TaskHaveDone"":100411,""FuncNotOpen"":26}",[600026],
#女神系统开放,,,,
600508,"{""TaskDone"":100411}",,[600508],
601508,"{""EnterGame"":0}","{""TaskHaveDone"":100411,""FuncNotOpen"":508}",[600508],
#远古神坛,,,,
600022,"{""TaskDone"":100304}",,[600022],
601022,"{""EnterGame"":0}","{""TaskHaveDone"":100304,""FuncNotOpen"":22}",[600022],
#守护神法宝,,,,
600410,"{""TaskDone"":100411}",,[600410],
601410,"{""EnterGame"":0}","{""TaskHaveDone"":100411,""FuncNotOpen"":410}",[600410],
#联盟争霸开放,,,,
600025,"{""TaskDone"":100320}",,[600025],
601025,"{""EnterGame"":0}","{""TaskHaveDone"":100320,""FuncNotOpen"":25}",[600025],
#羽翼开放+神之试炼,,,,
600412,"{""TaskDone"":100401}",,[600412],
601412,"{""EnterGame"":0}","{""TaskHaveDone"":100401,""FuncNotOpen"":412}",[600412],
600020,"{""TaskDone"":100401}",,[600020],
601020,"{""EnterGame"":0}","{""TaskHaveDone"":100401,""FuncNotOpen"":20}",[600020],
#第一次进入主城,,,,
200100,"{""EnterScene"":1000}","{""GuideNotDone"":100}",[200100],
200120,"{""OpenUi"":1}","{""PreGuideDone"":112,""GuideNotDone"":120}",[200120],
210120,"{""TaskDone"":100014}",,[210120],
200112,"{""NewbieGuideDone"":100}",,[200112],
210112,"{""EnterScene"":1000}","{""PreGuideDone"":100,""GuideNotDone"":112}",[200112],
220112,"{""OpenUi"":2}","{""CurGuide"":112}",[210112],
200113,"{""NewbieGuideDone"":112}",,[200113],
#挑战体力不足,,,,
200114,"{""EPNotEnough"":0}","{""GuideNotDone"":114}",[200114],
#快捷装备,,,,
200121,"{""TaskDone"":100002}",,[200121],
200122,"{""TaskDone"":100005}",,[200122],
#快捷装备 + 第一次升星 + 服务器掉落概率,,,,
200123,"{""TaskDone"":100006}",,[200123],
200130,"{""NewbieGuideDone"":123}",,[200130],
210130,"{""OpenUi"":1}","{""MainTaskHasDone"":100006,""GuideNotDone"":130}",[200130],
200132,"{""NewbieGuideDone"":130}",,[200132],
200133,"{""NewbieGuideDone"":132}",,[200133],
200134,"{""NewbieGuideDone"":133}",,[200134],
200135,"{""NewbieGuideDone"":134}",,[200135],
#无双技开放,,,,
200151,"{""FuncOpen"":206}",,[200151],
200152,"{""NewbieGuideDone"":151}",,[200152],
#第二次升星 + 快捷装备,,,,
200140,"{""TaskDone"":100008}",,[200140],
200141,"{""NewbieGuideDone"":140}",,[200141],
210141,"{""OpenUi"":1}","{""MainTaskHasDone"":100008,""GuideNotDone"":141}",[200141],
200142,"{""NewbieGuideDone"":141}",,[200142],
200144,"{""NewbieGuideDone"":142}",,[200144],
200145,"{""NewbieGuideDone"":144}",,[200145],
200146,"{""NewbieGuideDone"":145}",,[200146],
#自动战斗开放,,,,
200153,"{""OpenUi"":3}","{""FuncHasOpen"":207,""GuideNotDone"":153}",[200153],
200154,"{""NewbieGuideDone"":153}",,[200154],
#引导学习的技能,,,,
200156,"{""SkillInfoArrive"":0}","{""SkillHasStudy"":1,""GuideNotDone"":156}",[200156],
200157,"{""SkillInfoArrive"":0}","{""SkillHasStudy"":2,""GuideNotDone"":157}",[200157],
#副本触发,,,,
200158,"{""EnterScene"":1001}","{""GuideNotDone"":158}",[200158],
200159,"{""DropItem"":0}","{""InScene"":1001,""GuideNotDone"":159}",[200159],
#快捷装备 + 技能开放 + 升级技能,,,,
200160,"{""FuncOpen"":8}",,[200160],
200161,"{""NewbieGuideDone"":160}",,[200161],
210161,"{""OpenUi"":1}","{""FuncHasOpen"":8,""GuideNotDone"":161}",[200161],
200162,"{""NewbieGuideDone"":161}",,[200162],
200163,"{""NewbieGuideDone"":162}",,[200163],
200164,"{""NewbieGuideDone"":163}",,[200164],
#学习技能,,,,
200171,"{""TaskDone"":100012}",,[200171],
210171,"{""OpenUi"":1}","{""MainTaskHasDone"":100012,""GuideNotDone"":171}",[200171],
200172,"{""NewbieGuideDone"":171}",,[200172],
200173,"{""NewbieGuideDone"":172}",,[200173],
200174,"{""NewbieGuideDone"":173}",,[200174],
#快捷装备+时装指引,,,,
200175,"{""TaskDone"":100013}",,[200175],
200176,"{""NewbieGuideDone"":175}",,[200176],
210176,"{""OpenUi"":1}","{""MainTaskHasDone"":100013,""GuideNotDone"":176}",[200176],
200177,"{""NewbieGuideDone"":176}",,[200177],
200178,"{""NewbieGuideDone"":177}",,[200178],
200179,"{""NewbieGuideDone"":178}",,[200179],
201179,"{""NewbieGuideDone"":179}",,[201179],
202179,"{""NewbieGuideDone"":1179}",,[202179],
203179,"{""NewbieGuideDone"":2179}",,[203179],
204179,"{""NewbieGuideDone"":3179}",,[204179],
205179,"{""NewbieGuideDone"":4179}",,[205179],
#剧情开放,,,,
200181,"{""FuncOpen"":100}",,[200181],
210181,"{""OpenUi"":1}","{""FuncHasOpen"":100,""GuideNotDone"":181}",[200181],
200182,"{""NewbieGuideDone"":181}",,[200182],
200183,"{""NewbieGuideDone"":182}",,[200183],
200184,"{""NewbieGuideDone"":183}",,[200184],
200185,"{""NewbieGuideDone"":184}",,[200185],
#每日签到,,,,
200190,"{""FuncOpen"":506}",,[200190],
200191,"{""NewbieGuideDone"":190}",,[200191],
200192,"{""NewbieGuideDone"":191}",,[200192],
200193,"{""NewbieGuideDone"":192}",,[200193],
200194,"{""NewbieGuideDone"":193}",,[200194],
#星魂任务,,,,
200195,"{""FuncOpen"":504}",,[200195],
210195,"{""OpenUi"":1}","{""FuncHasOpen"":504,""GuideNotDone"":195}",[200195],
200196,"{""NewbieGuideDone"":195}",,[200196],
200197,"{""NewbieGuideDone"":196}",,[200197],
200198,"{""NewbieGuideDone"":197}",,[200198],
200199,"{""NewbieGuideDone"":198}",,[200199],
200200,"{""NewbieGuideDone"":199}",,[200200],
#守护神开放,,,,
200201,"{""FuncOpen"":9}",,[200201],
210201,"{""OpenUi"":1}","{""FuncHasOpen"":9,""GuideNotDone"":201}",[200201],
200202,"{""NewbieGuideDone"":201}",,[200202],
200203,"{""NewbieGuideDone"":202}",,[200203],
200204,"{""NewbieGuideDone"":203}",,[200204],
200205,"{""NewbieGuideDone"":204}",,[200205],
200206,"{""NewbieGuideDone"":205}",,[200206],
200207,"{""NewbieGuideDone"":206}",,[200207],
#祭坛开放,,,,
200211,"{""FuncOpen"":10}",,[200211],
210211,"{""OpenUi"":1}","{""FuncHasOpen"":10,""GuideNotDone"":211}",[200211],
200212,"{""NewbieGuideDone"":211}",,[200212],
#召唤神灵完成触发下一步引导,,,,
200213,"{""OnSoulBack"":0}","{""PreGuideDone"":211,""GuideNotDone"":213}",[200213],
200214,"{""NewbieGuideDone"":213}",,[200214],
210214,"{""OpenUi"":1}","{""PreGuideDone"":211,""GuideNotDone"":214}","[210214,200214]",
200215,"{""NewbieGuideDone"":214}",,[200215],
200216,"{""NewbieGuideDone"":215}",,[200216],
200217,"{""NewbieGuideDone"":216}",,[200217],
200218,"{""NewbieGuideDone"":217}",,[200218],
200219,"{""NewbieGuideDone"":218}",,[200219],
#难度选择,,,,
200221,"{""OpenUi"":2}","{""CurTask"":100207,""GuideNotDone"":221}",[200221],
200222,"{""NewbieGuideDone"":221}",,[200222],
#每日目标开放->每日必做->召唤神灵(打开祭坛界面)->神灵融合(打开神灵界面),,,,
200231,"{""FuncOpen"":503}",,[200231],
210231,"{""OpenUi"":1}","{""FuncHasOpen"":503,""GuideNotDone"":231}",[200231],
200232,"{""NewbieGuideDone"":231}",,[200232],
200233,"{""NewbieGuideDone"":232}",,[200233],
200234,"{""NewbieGuideDone"":233}",,[200234],
200235,"{""NewbieGuideDone"":234}",,[200235],
200236,"{""NewbieGuideDone"":235}",,[200236],
#这里可能被中断--打开祭坛界面230236,,,,
210236,"{""OpenUi"":1}","{""PreGuideDone"":231,""GuideNotDone"":236}","[230236,200236]",
200237,"{""OnSoulBack"":0}","{""PreGuideDone"":236,""GuideNotDone"":237}",[200237],
#这里可能被中断--融合指引,,,,
210237,"{""OpenUi"":1}","{""PreGuideDone"":236,""GuideNotDone"":237}","[230237,200237]",
200238,"{""NewbieGuideDone"":237}",,[200238],
200239,"{""NewbieGuideDone"":238}",,[200239],
200240,"{""NewbieGuideDone"":239}",,[200240],
200241,"{""NewbieGuideDone"":240}",,[200241],
#可以体验vip触发 1可以 0不可以-炼魂开放,,,,
200251,"{""VipCanTest"":1}",,[200251],
230261,"{""VipCanTest"":0}",,"[210251,200261]",
200261,"{""FuncOpen"":601}",,[200261],
620261,"{""OpenUi"":1}","{""PreGuideDone"":251,""GuideNotDone"":261}",[200261],
200262,"{""NewbieGuideDone"":261}",,[200262],
200263,"{""NewbieGuideDone"":262}",,[200263],
200264,"{""NewbieGuideDone"":263}",,[200264],
200265,"{""NewbieGuideDone"":264}",,[200265],
200266,"{""NewbieGuideDone"":265}",,[200266],
#装备锻造开放,,,,
200271,"{""FuncOpen"":407}",,[200271],
210271,"{""OpenUi"":1}","{""FuncHasOpen"":407,""GuideNotDone"":271}",[200271],
200272,"{""NewbieGuideDone"":271}",,[200272],
200274,"{""NewbieGuideDone"":272}",,[200274],
200276,"{""NewbieGuideDone"":274}",,[200276],
200277,"{""NewbieGuideDone"":276}",,[200277],
#提示历练+锻造武器,,,,
210277,"{""OpenUi"":2}","{""CurGuide"":277}",[210277],
200278,"{""NewbieGuideDone"":277}",,[200278],
200279,"{""NewbieGuideDone"":278}",,[200279],
201279,"{""NewbieGuideDone"":279}",,[201279],
202279,"{""NewbieGuideDone"":1279}",,[202279],
203279,"{""NewbieGuideDone"":2279}",,[203279],
204279,"{""NewbieGuideDone"":3279}",,[204279],
205279,"{""NewbieGuideDone"":4279}",,[205279],
206279,"{""OpenUi"":1}","{""PreGuideDone"":271,""GuideNotDone"":3279}",[206279],
207279,"{""NewbieGuideDone"":6279}",,[207279],
213279,"{""NewbieGuideDone"":7279}",,[203279],
#开启王者之路+排位赛,,,,
200281,"{""FuncOpen"":15}",,[200281],
210281,"{""OpenUi"":1}","{""FuncHasOpen"":15,""GuideNotDone"":281}",[200281],
200282,"{""NewbieGuideDone"":281}",,[200282],
200283,"{""NewbieGuideDone"":282}",,[200283],
200284,"{""NewbieGuideDone"":283}",,[200284],
#返回到主城后提示,,,,
200285,"{""OpenUi"":14}","{""GuideNotDone"":285}",[200285],
200286,"{""NewbieGuideDone"":285}",,[200286],
#开启联盟,,,,
200291,"{""FuncOpen"":13}",,[200291],
200292,"{""NewbieGuideDone"":291}",,[200292],
200293,"{""NewbieGuideDone"":292}",,[200293],
200294,"{""NewbieGuideDone"":293}",,[200294],
#探险,,,,
200300,"{""FuncOpen"":602}",,[200300],
210300,"{""OpenUi"":1}","{""FuncHasOpen"":602,""GuideNotDone"":300}",[200300],
200301,"{""NewbieGuideDone"":300}",,[200301],
200302,"{""NewbieGuideDone"":301}",,[200302],
200303,"{""NewbieGuideDone"":302}",,[200303],
#联盟管理,,,,
200311,"{""OpenUi"":15}","{""FuncHasOpen"":13,""GuideNotDone"":311}",[200311],
200312,"{""NewbieGuideDone"":311}",,[200312],
#进入联盟场,,,,
200313,"{""EnterScene"":5}","{""GuideNotDone"":313}",[200313],
200314,"{""NewbieGuideDone"":313}",,[200314],
200315,"{""NewbieGuideDone"":314}",,"[210315,200315]",
200316,"{""NewbieGuideDone"":315}",,[200316],
200317,"{""NewbieGuideDone"":316}",,[200317],
200318,"{""NewbieGuideDone"":317}",,[200318],
200319,"{""NewbieGuideDone"":318}",,[200319],
#解封+10连抽100215,,,,
200321,"{""FuncOpen"":408}",,[200321],
210321,"{""OpenUi"":1}","{""FuncHasOpen"":408,""GuideNotDone"":321}",[200321],
200322,"{""NewbieGuideDone"":321}",,[200322],
200323,"{""NewbieGuideDone"":322}",,[200323],
200324,"{""NewbieGuideDone"":323}",,[200324],
200325,"{""NewbieGuideDone"":324}",,[200325],
200326,"{""NewbieGuideDone"":325}",,[200326],
200327,"{""NewbieGuideDone"":326}",,[200327],
200328,"{""NewbieGuideDone"":327}",,[200328],
200329,"{""NewbieGuideDone"":328}",,[200329],
200330,"{""NewbieGuideDone"":329}",,[200330],
200331,"{""NewbieGuideDone"":330}",,[200331],
200332,"{""NewbieGuideDone"":331}",,[200332],
200333,"{""NewbieGuideDone"":332}",,[200333],
200334,"{""OpenUi"":1}","{""PreGuideDone"":321,""GuideNotDone"":329}",[200334],
200335,"{""NewbieGuideDone"":334}",,[200335],
210329,"{""NewbieGuideDone"":335}",,[200329],
#精英副本100230,,,,
200336,"{""OpenUi"":2}","{""CurTask"":100230,""GuideNotDone"":336}",[200336],
200337,"{""NewbieGuideDone"":336}",,[200337],
200338,"{""NewbieGuideDone"":337}",,[200338],
#第一次切boss,,,,
200340,"{""CutBossBegin"":1008005}",,[200340],
200341,"{""CutBossEnd"":1008005}","{""CurGuide"":340}",[200341],
#英雄殿堂指引,,,,
200350,"{""FuncOpen"":507}",,[200350],
#210350,"{""OpenUi"":1}","{""FuncHasOpen"":507,""GuideNotDone"":350}",[200350],
200351,"{""NewbieGuideDone"":350}",,[200351],
200352,"{""NewbieGuideDone"":351}",,[200352],
200353,"{""NewbieGuideDone"":352}",,[200353],
200354,"{""NewbieGuideDone"":353}",,[200354],
200355,"{""NewbieGuideDone"":354}",,[200355],
200356,"{""NewbieGuideDone"":355}",,[200356],
#羽翼指引,,,,
200360,"{""TaskDone"":100401}",,[200360],
200361,"{""NewbieGuideDone"":360}",,[200361],
200362,"{""NewbieGuideDone"":361}",,[200362],
200363,"{""NewbieGuideDone"":362}",,[200363],
200364,"{""NewbieGuideDone"":363}",,[200364],
200365,"{""NewbieGuideDone"":364}",,[200365],
200366,"{""NewbieGuideDone"":365}",,[200366],
200367,"{""NewbieGuideDone"":366}",,[200367],
200368,"{""NewbieGuideDone"":367}",,[200368],
200369,"{""NewbieGuideDone"":368}",,[200369],
#远古神坛指引,,,,
200370,"{""FuncOpen"":22}",,[200370],
200371,"{""NewbieGuideDone"":370}",,[200371],
200372,"{""NewbieGuideDone"":371}",,[200372],
200373,"{""NewbieGuideDone"":372}",,[200373],
200374,"{""NewbieGuideDone"":373}",,[200374],
200375,"{""NewbieGuideDone"":374}",,[200375],
200376,"{""NewbieGuideDone"":375}",,[200376],
200377,"{""NewbieGuideDone"":376}",,[200377],
200378,"{""NewbieGuideDone"":377}",,[200378],
200379,"{""NewbieGuideDone"":378}",,[200379],
200380,"{""NewbieGuideDone"":379}",,[200380],
300201,"{""TaskDone"":100229}",,[300214],
300202,"{""TaskDone"":100207}",,[300215],
300203,"{""TaskDone"":300215}",,[300216],
300204,"{""TaskDone"":300216}",,[300217],
300205,"{""TaskDone"":300217}",,[300218],
300206,"{""TaskDone"":300218}",,[300219],
300207,"{""TaskDone"":300219}",,[300220],
300208,"{""TaskDone"":300220}",,[300221],
300209,"{""TaskDone"":300221}",,[300222],
300210,"{""TaskDone"":300222}",,[300223],
300211,"{""TaskDone"":300223}",,[300224],
300212,"{""TaskDone"":300224}",,[300225],
300213,"{""TaskDone"":300225}",,[300226],
300300,"{""TaskDone"":100331}",,[300300],
300301,"{""TaskDone"":100307}",,[300301],
300302,"{""TaskDone"":300301}",,[300302],
300303,"{""TaskDone"":300302}",,[300303],
300304,"{""TaskDone"":300303}",,[300304],
300305,"{""TaskDone"":300304}",,[300305],
300306,"{""TaskDone"":300305}",,[300306],
300307,"{""TaskDone"":300306}",,[300307],
300308,"{""TaskDone"":300307}",,[300308],
300309,"{""TaskDone"":300308}",,[300309],
300310,"{""TaskDone"":300309}",,[300310],
300311,"{""TaskDone"":300310}",,[300311],
300312,"{""TaskDone"":300311}",,[300312],
300313,"{""TaskDone"":300312}",,[300313],
300314,"{""TaskDone"":100435}",,[300314],
300401,"{""TaskDone"":100408}",,[300401],
300402,"{""TaskDone"":300401}",,[300402],
300403,"{""TaskDone"":300402}",,[300403],
300404,"{""TaskDone"":300403}",,[300404],
300405,"{""TaskDone"":300404}",,[300405],
300406,"{""TaskDone"":300405}",,[300406],
300407,"{""TaskDone"":300406}",,[300407],
300408,"{""TaskDone"":300407}",,[300408],
300409,"{""TaskDone"":300408}",,[300409],
300410,"{""TaskDone"":300409}",,[300410],
300411,"{""TaskDone"":300410}",,[300411],
300412,"{""TaskDone"":300411}",,[300412],
300413,"{""TaskDone"":300412}",,[300413],
300501,"{""TaskDone"":100530}",,[300501],
300502,"{""TaskDone"":100506}",,[300502],
300503,"{""TaskDone"":300502}",,[300503],
300504,"{""TaskDone"":300503}",,[300504],
300505,"{""TaskDone"":300504}",,[300505],
300506,"{""TaskDone"":300505}",,[300506],
300507,"{""TaskDone"":300506}",,[300507],
300508,"{""TaskDone"":300507}",,[300508],
300509,"{""TaskDone"":300508}",,[300509],
300510,"{""TaskDone"":300509}",,[300510],
300511,"{""TaskDone"":300510}",,[300511],
300512,"{""TaskDone"":300511}",,[300512],
300513,"{""TaskDone"":100633}",,[300601],
300514,"{""TaskDone"":100607}",,[300602],
300515,"{""TaskDone"":300602}",,[300603],
300516,"{""TaskDone"":300603}",,[300604],
300517,"{""TaskDone"":300604}",,[300605],
300518,"{""TaskDone"":300605}",,[300606],
300519,"{""TaskDone"":300606}",,[300607],
300520,"{""TaskDone"":300607}",,[300608],
300521,"{""TaskDone"":300608}",,[300609],
300522,"{""TaskDone"":300609}",,[300610],
300523,"{""TaskDone"":300610}",,[300611],
300524,"{""TaskDone"":300611}",,[300612],
300525,"{""TaskDone"":300612}",,[300613],
300601,"{""TaskDone"":100738}",,[300701],
300602,"{""TaskDone"":100708}",,[300702],
300603,"{""TaskDone"":300702}",,[300703],
300604,"{""TaskDone"":300703}",,[300704],
300605,"{""TaskDone"":300704}",,[300705],
300606,"{""TaskDone"":300705}",,[300706],
300607,"{""TaskDone"":300706}",,[300707],
300608,"{""TaskDone"":300707}",,[300708],
300609,"{""TaskDone"":300708}",,[300709],
300610,"{""TaskDone"":300709}",,[300710],
300611,"{""TaskDone"":300710}",,[300711],
300612,"{""TaskDone"":300711}",,[300712],
300613,"{""TaskDone"":300712}",,[300713],
300614,"{""EnterGame"":0}","{""TaskHaveDone"":100738,""TaskNotDone"":300701}",[300701],
300615,"{""EnterGame"":0}","{""TaskHaveDone"":100708,""TaskNotDone"":300702}",[300702],
500003,"{""TaskAccept"":2110003}",,[500001],
500004,"{""TaskAccept"":2110004}",,[500002],
500005,"{""TaskAccept"":2110005}",,[500003],
#500006,"{""TaskAccept"":2110006}",,[500004],
#500007,"{""TaskAccept"":2110007}",,[500005],
500008,"{""TaskAccept"":2110008}",,[500006],
500009,"{""TaskAccept"":2110009}",,[500007],
500010,"{""TaskAccept"":2110010}",,[500008],
500011,"{""TaskAccept"":2110011}",,[500009],
500012,"{""TaskAccept"":2110012}",,[500010],
500013,"{""TaskAccept"":2110013}",,[500011],
500014,"{""TaskAccept"":2110014}",,[500012],
500015,"{""TaskAccept"":2110015}",,[500013],
500016,"{""TaskAccept"":2110016}",,[500014],
500017,"{""TaskAccept"":2110017}",,[500015],
500018,"{""TaskAccept"":2110018}",,[500016],
501001,"{""TaskAccept"":2120001}",,[501001],
501002,"{""TaskAccept"":2120002}",,[501002],
501003,"{""TaskAccept"":2120003}",,[501003],
501004,"{""TaskAccept"":2120004}",,[501004],
501005,"{""TaskAccept"":2120005}",,[501005],
501006,"{""TaskAccept"":2120006}",,[501006],
501007,"{""TaskAccept"":2120007}",,[501007],
501008,"{""TaskAccept"":2120008}",,[501008],
501009,"{""TaskAccept"":2120009}",,[501009],
501010,"{""TaskAccept"":2120010}",,[501010],
501011,"{""TaskAccept"":2120011}",,[501011],
501012,"{""TaskAccept"":2120012}",,[501012],
501013,"{""TaskAccept"":2120013}",,[501013],
800001,"{""EnterScene"":1501}",,[900001],
800002,"{""MovieDone"":900001}",,"[200001,900027]",
800003,"{""NewbieGuideDone"":1}",,[900016],
800004,"{""CreateNpcCond"":0}","{""CurTask"":100000}",,
800005,"{""EnterZone"":1008003}","{""CurTask"":100014}",[900004],
800006,"{""MovieDone"":900004}",,[900005],
800007,"{""CreateNpcCond"":0}","{""CurTask"":100014}",,
800008,"{""BattleRoundOver"":1008003}","{""CurBattleRound"":1}",[900005],
800009,"{""BattleRoundOver"":1008003}","{""CurBattleRound"":2}",[900005],
800010,"{""BattleRoundOver"":1008003}","{""CurBattleRound"":3}",[900006],
800011,"{""MovieDone"":900006}",,[900005],
800012,"{""UseSkillDeform"":1008003}","{""CurTask"":100014}",[900007],
800013,"{""BattleOver"":1008003}","{""CurMovie"":5}",[900008],
800014,"{""MovieDone"":900008}",,[900009],
800015,"{""NpcDie"":5000005}",,[900010],
800016,"{""NpcHurt"":5000005}",,[900011],
800017,"{""NewbieGuideDone"":9}",,[900012],
800018,"{""MovieDone"":900012}",,"[200003,900028]",
800019,"{""NewbieGuideDone"":8}",,[900013],
#800020,"{""NpcDie"":1501002}",,[900015],
800023,"{""MovieDone"":900015}",,[900003],
800024,"{""BattleRoundOver"":1501001}","{""CurBattleRound"":1}",[900019],
800025,"{""BattleRoundOver"":1501001}","{""CurBattleRound"":2}",[900021],
800026,"{""MovieDone"":900016}",,"[200009,900029]",
#800027,"{""NewbieGuideDone"":5}",,[900017],
800028,"{""NewbieGuideDone"":2}",,[900018],
800029,"{""MovieDone"":900019}",,"[200004,900028]",
800030,"{""MovieDone"":900020}",,[900021],
800031,"{""NpcHpLT"":1501002}","{""CurMovie"":8003,""NpcHpPercent"":98}",[900022],
800032,"{""MovieDone"":900022}",,"[200005,900031]",
800033,"{""NewbieGuideDone"":3}",,[900023],
800034,"{""MovieDone"":900014}",,"[200006,900035]",
800035,"{""NewbieGuideDone"":6}",,[900024],
800036,"{""NewbieGuideDone"":4}",,"[200007,900039]",
800037,"{""NewbieGuideDone"":7}",,[900025],
800038,"{""NpcHpLT"":1501002}","{""CurMovie"":8027,""NpcHpPercent"":96}",[900014],
800039,"{""MovieDone"":900026}",,[200008],
#800040,"{""MovieDone"":900017}",,[200009],
800040,"{""EliteMonsterBlood"":1501002}","{""BloodLess"":0.98}",[900041],
800041,"{""ShowNextZoneArrow"":1501002}",,[900026],
800042,"{""NpcHpLT"":1501002}","{""CurMovie"":8030,""NpcHpPercent"":30}",[900036],
800043,"{""MovieDone"":900036}",,[900015],
800044,"{""MovieDone"":900023}",,[900038],
800045,"{""MovieDone"":900038}",,[200010],
800046,"{""NewbieGuideDone"":10}",,[900037],
800047,"{""MovieDone"":900025}",,[200011],
800048,"{""NewbieGuideDone"":11}",,[200012],
800049,"{""NewbieGuideDone"":12}",,[900040],
800050,"{""EliteMonsterBlood"":1501002}","{""BloodLess"":0.80}",[291206],
400001,"{""TaskDone"":400001}","{""TaskHaveDone"":100013}",[400002],
4000001,"{""TaskDone"":100013}","{""TaskHaveDone"":400001}",[400002],
400002,"{""TaskDone"":400002}","{""TaskHaveDone"":100014}",[400003],
4000002,"{""TaskDone"":100014}","{""TaskHaveDone"":400002}",[400003],
400003,"{""TaskDone"":400003}","{""TaskHaveDone"":100203}",[400005],
4000003,"{""TaskDone"":100203}","{""TaskHaveDone"":400003}",[400005],
#400004,"{""TaskDone"":400004}",,[400005],
400005,"{""TaskDone"":400005}","{""TaskHaveDone"":100206}",[400006],
4000005,"{""TaskDone"":100206}","{""TaskHaveDone"":400005}",[400006],
400006,"{""TaskDone"":400006}","{""TaskHaveDone"":100208}",[400007],
4000006,"{""TaskDone"":100208}","{""TaskHaveDone"":400006}",[400007],
400007,"{""TaskDone"":400007}",,[400008],
400008,"{""TaskDone"":400008}","{""TaskHaveDone"":100210}",[400010],
4000008,"{""TaskDone"":100210}","{""TaskHaveDone"":400008}",[400010],
#400009,"{""TaskDone"":400009}",,[400010],
400010,"{""TaskDone"":400010}","{""TaskHaveDone"":100211}",[400011],
4000010,"{""TaskDone"":100211}","{""TaskHaveDone"":400010}",[400011],
400011,"{""TaskDone"":400011}","{""TaskHaveDone"":100212}",[400012],
4000011,"{""TaskDone"":100212}","{""TaskHaveDone"":400011}",[400012],
400012,"{""TaskDone"":400012}","{""TaskHaveDone"":100213}",[400013],
4000012,"{""TaskDone"":100213}","{""TaskHaveDone"":400012}",[400013],
400013,"{""TaskDone"":400013}",,[400014],
400014,"{""TaskDone"":400014}","{""TaskHaveDone"":100214}",[400015],
4000014,"{""TaskDone"":100214}","{""TaskHaveDone"":400014}",[400015],
400015,"{""TaskDone"":400015}","{""TaskHaveDone"":100215}",[400016],
4000015,"{""TaskDone"":100215}","{""TaskHaveDone"":400015}",[400016],
400016,"{""TaskDone"":400016}",,[400017],
400017,"{""TaskDone"":400017}",,[400018],
400018,"{""TaskDone"":400018}",,[400019],
400019,"{""TaskDone"":400019}",,[400020],
400020,"{""TaskDone"":400020}","{""TaskHaveDone"":100218}",[400022],
4000020,"{""TaskDone"":100218}","{""TaskHaveDone"":400020}",[400022],
#400021,"{""TaskDone"":400021}","{""TaskHaveDone"":100219}",[400022],
#4000021,"{""TaskDone"":100219}","{""TaskHaveDone"":400021}",[400022],
400022,"{""TaskDone"":400022}",,[400023],
400023,"{""TaskDone"":400023}",,[400024],
400024,"{""TaskDone"":400024}",,[400025],
400025,"{""TaskDone"":400025}",,[400026],
400026,"{""TaskDone"":400026}","{""TaskHaveDone"":100229}",[400027],
4000026,"{""TaskDone"":100229}","{""TaskHaveDone"":400026}",[400027],
400027,"{""TaskDone"":400027}","{""TaskHaveDone"":100301}",[400028],
4000027,"{""TaskDone"":100301}","{""TaskHaveDone"":400027}",[400028],
400028,"{""TaskDone"":400028}",,[400029],
400029,"{""TaskDone"":400029}","{""TaskHaveDone"":100303}",[400030],
4000029,"{""TaskDone"":100303}","{""TaskHaveDone"":400029}",[400030],
400030,"{""TaskDone"":400030}","{""TaskHaveDone"":100221}",[400031],
4000030,"{""TaskDone"":100221}","{""TaskHaveDone"":400030}",[400031],
400031,"{""TaskDone"":400031}",,[400032],
510001,"{""TaskAccept"":400001}",,[510001],
510002,"{""TaskAccept"":400002}",,[510002],
510003,"{""TaskAccept"":400003}",,[510003],
510004,"{""TaskAccept"":400004}",,[510004],
510005,"{""TaskAccept"":400005}",,[510005],
510006,"{""TaskAccept"":400006}",,[510006],
510007,"{""TaskAccept"":400007}",,[510007],
510008,"{""TaskAccept"":400008}",,[510008],
510009,"{""TaskAccept"":400009}",,[510009],
510010,"{""TaskAccept"":400010}",,[510010],
510011,"{""TaskAccept"":400011}",,[510011],
510012,"{""TaskAccept"":400012}",,[510012],
510013,"{""TaskAccept"":400013}",,[510013],
510014,"{""TaskAccept"":400014}",,[510014],
510015,"{""TaskAccept"":400015}",,[510015],
510016,"{""TaskAccept"":400016}",,[510016],
510017,"{""TaskAccept"":400017}",,[510017],
510018,"{""TaskAccept"":400018}",,[510018],
510019,"{""TaskAccept"":400019}",,[510019],
510020,"{""TaskAccept"":400020}",,[510020],
#510021,"{""TaskAccept"":400021}",,[510021],
510022,"{""TaskAccept"":400022}",,[510022],
510023,"{""TaskAccept"":400023}",,[510023],
#510024,"{""TaskAccept"":400024}",,[510024],
510025,"{""TaskAccept"":400025}",,[510025],
510026,"{""TaskAccept"":400026}",,[510026],
510027,"{""TaskAccept"":400027}",,[510027],
510028,"{""TaskAccept"":400028}",,[510028],
510029,"{""TaskAccept"":400029}",,[510029],
510030,"{""TaskAccept"":400030}",,[510030],
510031,"{""TaskAccept"":400031}",,[510031],
#510032,"{""TaskAccept"":400032}",,[510032],
